code,ecode,location,current,class,1993-94,1994-95,1995-96,1996-97,1997-98,1998-99,1999-00,2000-01,2001-02,2002-03,2003-04,2004-05,2005-06,2006-07,2007-08,2008-09,2009-10,2010-11,2011-12,2012-13,2013-14,2014-15,2015-16,2016-17,2017-18,2018-19,2019-20,2020-21,2021-22
,,England,-,,456.00,473.00,498.00,529.00,564.00,614.00,656.00,697.00,741.00,804.00,908.00,967.00,1009.00,1056.00,1101.00,1145.00,1175.00,1195.00,1196.00,1201.00,1045.00,1051.00,1078.00,1128.00,1185.00,1258.00,1327.00,1385.00,1428.00
E07000223,E3831,Adur,YES,SD,470.00,482.00,518.00,537.00,563.00,614.00,656.00,691.00,737.00,813.00,963.00,1025.00,1074.00,1136.00,1192.00,1247.00,1290.00,1315.00,1323.00,1323.00,1149.00,1135.00,1159.00,1218.00,1272.00,1344.00,1435.00,1496.00,1556.00
E07000026,E0931,Allerdale,YES,SD,406.00,455.00,477.00,499.00,533.00,586.00,613.00,651.00,681.00,734.00,831.00,889.00,930.00,972.00,1020.00,1063.00,1091.00,1102.00,1114.00,1126.00,1006.00,1003.00,1031.00,1079.00,1134.00,1181.00,1248.00,1300.00,1344.00
E07000157,E2931,Alnwick,NO,SD,481.00,439.00,507.00,546.00,589.00,666.00,725.00,769.00,818.00,866.00,973.00,1059.00,1103.00,1114.00,1142.00,1156.00,-,-,-,-,-,-,-, - ,-,-,-,-,-
E07000032,E1031,Amber Valley,YES,SD,459.00,468.00,505.00,527.00,564.00,619.00,671.00,722.00,767.00,837.00,910.00,944.00,973.00,1014.00,1056.00,1093.00,1132.00,1157.00,1161.00,1157.00,1017.00,1028.00,1056.00,1096.00,1148.00,1222.00,1280.00,1314.00,1338.00
E07000224,E3832,Arun,YES,SD,468.00,495.00,529.00,545.00,571.00,629.00,673.00,712.00,756.00,830.00,984.00,1063.00,1127.00,1187.00,1230.00,1289.00,1326.00,1358.00,1357.00,1355.00,1207.00,1206.00,1220.00,1278.00,1349.00,1429.00,1521.00,1594.00,1675.00
E07000170,E3031,Ashfield,YES,SD,400.00,439.00,463.00,481.00,509.00,566.00,628.00,673.00,718.00,785.00,870.00,914.00,950.00,994.00,1033.00,1065.00,1093.00,1108.00,1106.00,1111.00,927.00,936.00,970.00,1024.00,1074.00,1135.00,1193.00,1238.00,1274.00
E07000105,E2231,Ashford,YES,SD,447.00,484.00,497.00,543.00,586.00,642.00,700.00,753.00,797.00,866.00,981.00,1063.00,1114.00,1161.00,1230.00,1270.00,1297.00,1323.00,1324.00,1325.00,1177.00,1202.00,1235.00,1311.00,1361.00,1444.00,1538.00,1605.00,1592.00
E07000004,E0431,Aylesbury Vale,NO,SD,491.00,505.00,554.00,589.00,634.00,699.00,755.00,807.00,856.00,931.00,1083.00,1156.00,1207.00,1267.00,1328.00,1395.00,1431.00,1460.00,1462.00,1466.00,1325.00,1379.00,1424.00,1481.00,1559.00,1658.00,1719.00,-,-
E07000200,E3531,Babergh,YES,SD,408.00,457.00,471.00,520.00,570.00,621.00,671.00,718.00,763.00,857.00,1020.00,1075.00,1104.00,1152.00,1209.00,1260.00,1288.00,1321.00,1322.00,1334.00,1206.00,1209.00,1228.00,1266.00,1317.00,1380.00,1463.00,1540.00,1554.00
E09000002,E5030,Barking & Dagenham,YES,OLB,394.00,425.00,415.00,449.00,495.00,545.00,576.00,612.00,665.00,714.00,824.00,853.00,878.00,925.00,969.00,1010.00,999.00,1000.00,1011.00,1009.00,754.00,753.00,796.00,853.00,912.00,991.00,1052.00,1108.00,1164.00
E09000003,E5031,Barnet,YES,OLB,549.00,591.00,627.00,666.00,694.00,764.00,799.00,861.00,927.00,968.00,1200.00,1282.00,1315.00,1352.00,1406.00,1445.00,1472.00,1464.00,1481.00,1499.00,1293.00,1285.00,1308.00,1325.00,1384.00,1437.00,1517.00,1587.00,1669.00
E08000016,E4401,Barnsley,YES,MD,396.00,366.00,396.00,415.00,445.00,490.00,528.00,562.00,601.00,636.00,700.00,750.00,787.00,833.00,878.00,913.00,928.00,954.00,955.00,962.00,797.00,799.00,829.00,856.00,919.00,962.00,1026.00,1074.00,1100.00
E07000027,E0932,Barrow-in-Furness,YES,SD,462.00,464.00,485.00,484.00,523.00,553.00,597.00,632.00,657.00,705.00,794.00,833.00,871.00,919.00,960.00,1003.00,1030.00,1045.00,1054.00,1062.00,865.00,874.00,888.00,939.00,977.00,1054.00,1113.00,1161.00,1196.00
E07000066,E1531,Basildon,YES,SD,542.00,524.00,533.00,558.00,583.00,650.00,699.00,755.00,815.00,896.00,1035.00,1094.00,1131.00,1181.00,1230.00,1289.00,1333.00,1345.00,1352.00,1350.00,1143.00,1158.00,1186.00,1240.00,1283.00,1356.00,1432.00,1480.00,1489.00
E07000084,E1731,Basingstoke & Deane,YES,SD,401.00,457.00,517.00,536.00,599.00,650.00,707.00,743.00,780.00,847.00,970.00,1028.00,1066.00,1122.00,1179.00,1234.00,1258.00,1279.00,1279.00,1271.00,1172.00,1168.00,1177.00,1233.00,1293.00,1374.00,1455.00,1508.00,1562.00
E07000171,E3032,Bassetlaw,YES,SD,433.00,483.00,502.00,525.00,552.00,606.00,671.00,712.00,751.00,825.00,923.00,977.00,1031.00,1073.00,1120.00,1153.00,1183.00,1191.00,1194.00,1201.00,1032.00,1047.00,1084.00,1132.00,1200.00,1262.00,1332.00,1394.00,1443.00
-,E0131,Bath,NO,SD,411.00,477.00,488.00,-,-,-,-,-,-,-,-,-,-,-,-,-,-,-,-,-,-,-,-, - ,-,-,-,-,-
E06000022,E0101,Bath & North East Somerset UA,YES,UA,-,-,-,-,615.00,661.00,691.00,755.00,811.00,871.00,943.00,1010.00,1057.00,1115.00,1170.00,1221.00,1266.00,1300.00,1305.00,1309.00,1200.00,1206.00,1226.00,1267.00,1322.00,1385.00,1467.00,1527.00,1585.00
E07000002,E0231,Bedford,NO,SD,421.00,451.00,505.00,535.00,649.00,679.00,738.00,776.00,820.00,894.00,996.00,1084.00,1135.00,1202.00,1250.00,1307.00,-,-,-,-,-,-,-, - ,-,-,-,-,-
E06000055,E0202,Bedford UA,YES,UA,-,-,-,-,-,-,-,-,-,-,-,-,-,-,-,-,1322.00,1354.00,1345.00,1355.00,1204.00,1204.00,1223.00,1284.00,1363.00,1433.00,1496.00,1550.00,1536.00
E07000158,E2932,Berwick-upon-Tweed,NO,SD,410.00,369.00,457.00,484.00,518.00,582.00,631.00,668.00,703.00,749.00,841.00,909.00,966.00,987.00,1012.00,1029.00,-,-,-,-,-,-,-, - ,-,-,-,-,-
-,E2031,Beverley,NO,SD,502.00,551.00,574.00,-,-,-,-,-,-,-,-,-,-,-,-,-,-,-,-,-,-,-,-, - ,-,-,-,-,-
E09000004,E5032,Bexley,YES,OLB,474.00,471.00,518.00,537.00,572.00,636.00,685.00,731.00,801.00,853.00,1001.00,1078.00,1131.00,1192.00,1232.00,1265.00,1282.00,1289.00,1297.00,1298.00,1122.00,1140.00,1176.00,1212.00,1263.00,1334.00,1417.00,1471.00,1546.00
E08000025,E4601,Birmingham,YES,MD,455.00,441.00,485.00,536.00,570.00,606.00,638.00,670.00,699.00,739.00,779.00,787.00,820.00,839.00,858.00,883.00,905.00,923.00,921.00,925.00,708.00,714.00,737.00,783.00,833.00,884.00,945.00,989.00,1032.00
E07000129,E2431,Blaby,YES,SD,398.00,458.00,477.00,509.00,582.00,637.00,674.00,727.00,777.00,849.00,922.00,1001.00,1031.00,1073.00,1126.00,1186.00,1205.00,1235.00,1238.00,1244.00,1151.00,1159.00,1206.00,1260.00,1318.00,1391.00,1462.00,1525.00,1593.00
-,E2331,Blackburn,NO,SD,418.00,450.00,444.00,513.00,549.00,-,-,-,-,-,-,-,-,-,-,-,-,-,-,-,-,-,-, - ,-,-,-,-,-
E06000008,E2301,Blackburn with Darwen UA,YES,UA,-,-,-,-,-,580.00,610.00,656.00,679.00,720.00,790.00,830.00,879.00,908.00,950.00,972.00,-,1020.00,1023.00,1018.00,789.00,790.00,833.00,869.00,921.00,987.00,1036.00,1096.00,1116.00
E06000009,E2302,Blackpool UA,YES,UA,427.00,455.00,449.00,459.00,503.00,435.00,469.00,496.00,554.00,649.00,735.00,805.00,849.00,891.00,931.00,966.00,999.00,1025.00,1026.00,1032.00,772.00,760.00,764.00,805.00,844.00,908.00,949.00,1001.00,1043.00
E07000159,E2933,Blyth Valley,NO,SD,445.00,402.00,431.00,444.00,477.00,551.00,601.00,635.00,674.00,721.00,799.00,836.00,875.00,890.00,909.00,925.00,-,-,-,-,-,-,-, - ,-,-,-,-,-
E07000033,E1032,Bolsover,YES,SD,409.00,393.00,447.00,490.00,523.00,575.00,623.00,662.00,700.00,766.00,833.00,873.00,899.00,946.00,984.00,1021.00,1056.00,1073.00,1069.00,1080.00,909.00,930.00,954.00,1001.00,1051.00,1114.00,1187.00,1217.00,1234.00
E08000001,E4201,Bolton,YES,MD,427.00,466.00,483.00,519.00,557.00,601.00,626.00,657.00,691.00,728.00,791.00,819.00,858.00,900.00,937.00,947.00,985.00,1002.00,1003.00,1003.00,855.00,857.00,866.00,908.00,986.00,1042.00,1088.00,1128.00,1170.00
-,E2032,Boothferry,NO,SD,450.00,510.00,538.00,-,-,-,-,-,-,-,-,-,-,-,-,-,-,-,-,-,-,-,-, - ,-,-,-,-,-
E07000136,E2531,Boston,YES,SD,360.00,390.00,408.00,432.00,461.00,516.00,551.00,580.00,611.00,671.00,734.00,783.00,828.00,874.00,918.00,969.00,987.00,1010.00,1012.00,1016.00,892.00,887.00,919.00,960.00,1023.00,1085.00,1154.00,1187.00,1228.00
E06000028,E1202,Bournemouth UA,NO,UA,398.00,428.00,454.00,472.00,494.00,565.00,603.00,620.00,670.00,764.00,879.00,950.00,1019.00,1047.00,1086.00,1126.00,1159.00,1187.00,1182.00,1180.00,1036.00,1027.00,1051.00,1106.00,1164.00,1247.00,-,-,-
E06000058,E1204,"Bournemouth, Christchurch & Poole",YES,UA,-,-,-,-,-,-,-,-,-,-,-,-,-,-,-,-,-,-,-,-,-,-,-, - ,-,-,1416.00,1465.00,1449.00
E06000036,E0301,Bracknell Forest UA,YES,UA,483.00,524.00,517.00,551.00,580.00,655.00,698.00,717.00,777.00,846.00,931.00,1013.00,1057.00,1112.00,1166.00,1237.00,1292.00,1327.00,1329.00,1334.00,1228.00,1237.00,1252.00,1322.00,1395.00,1487.00,1547.00,1634.00,1672.00
E08000032,E4701,Bradford,YES,MD,370.00,403.00,422.00,460.00,507.00,546.00,582.00,603.00,639.00,676.00,739.00,769.00,805.00,847.00,895.00,913.00,929.00,944.00,956.00,953.00,809.00,828.00,856.00,901.00,957.00,1039.00,1090.00,1146.00,1184.00
E07000067,E1532,Braintree,YES,SD,444.00,464.00,483.00,513.00,541.00,628.00,672.00,723.00,780.00,852.00,988.00,1058.00,1096.00,1151.00,1209.00,1260.00,1287.00,1315.00,1311.00,1316.00,1183.00,1181.00,1199.00,1254.00,1305.00,1374.00,1448.00,1515.00,1529.00
E07000143,E2631,Breckland,YES,SD,380.00,402.00,431.00,444.00,469.00,536.00,589.00,627.00,670.00,750.00,864.00,926.00,955.00,1001.00,1051.00,1097.00,1121.00,1146.00,1150.00,1157.00,1002.00,1006.00,1040.00,1110.00,1169.00,1250.00,1311.00,1369.00,1423.00
E09000005,E5033,Brent,YES,OLB,516.00,433.00,437.00,420.00,507.00,543.00,624.00,680.00,730.00,802.00,983.00,1056.00,1090.00,1142.00,1185.00,1227.00,1250.00,1249.00,1252.00,1246.00,963.00,970.00,1003.00,1076.00,1138.00,1218.00,1290.00,1334.00,1402.00
E07000068,E1533,Brentwood,YES,SD,518.00,549.00,564.00,603.00,637.00,723.00,775.00,837.00,907.00,996.00,1163.00,1227.00,1268.00,1324.00,1383.00,1445.00,1475.00,1524.00,1517.00,1525.00,1438.00,1414.00,1422.00,1502.00,1554.00,1650.00,1724.00,1778.00,1816.00
E07000182,E3231,Bridgnorth,NO,SD,488.00,515.00,532.00,557.00,585.00,654.00,719.00,760.00,804.00,907.00,1046.00,1120.00,1173.00,1227.00,1284.00,1334.00,-,-,-,-,-,-,-, - ,-,-,-,-,-
-,E1431,Brighton,NO,SD,410.00,436.00,434.00,440.00,-,-,-,-,-,-,-,-,-,-,-,-,-,-,-,-,-,-,-, - ,-,-,-,-,-
E06000043,E1401,Brighton & Hove UA,YES,UA,-,-,-,-,462.00,506.00,542.00,610.00,646.00,722.00,839.00,917.00,975.00,1027.00,1067.00,1108.00,1139.00,1192.00,1196.00,1195.00,1025.00,1042.00,1090.00,1160.00,1226.00,1325.00,1393.00,1457.00,1500.00
-,E0132,Bristol,NO,SD,508.00,537.00,566.00,-,-,-,-,-,-,-,-,-,-,-,-,-,-,-,-,-,-,-,-, - ,-,-,-,-,-
E06000023,E0102,Bristol UA,YES,UA,-,-,-,641.00,673.00,725.00,738.00,747.00,749.00,800.00,871.00,918.00,971.00,1024.00,1081.00,1135.00,1165.00,1188.00,1180.00,1182.00,983.00,1002.00,1053.00,1105.00,1175.00,1242.00,1302.00,1362.00,1416.00
E07000144,E2632,Broadland,YES,SD,417.00,442.00,472.00,487.00,511.00,594.00,654.00,698.00,746.00,828.00,957.00,1026.00,1059.00,1112.00,1167.00,1217.00,1251.00,1276.00,1277.00,1285.00,1192.00,1193.00,1207.00,1281.00,1336.00,1417.00,1468.00,1519.00,1577.00
E09000006,E5034,Bromley,YES,OLB,519.00,488.00,509.00,553.00,594.00,625.00,686.00,754.00,844.00,899.00,994.00,1063.00,1122.00,1191.00,1250.00,1289.00,1311.00,1322.00,1321.00,1319.00,1208.00,1204.00,1222.00,1252.00,1308.00,1371.00,1463.00,1521.00,1606.00
E07000234,E1831,Bromsgrove,YES,SD,461.00,489.00,473.00,548.00,577.00,627.00,678.00,753.00,828.00,921.00,1039.00,1127.00,1165.00,1232.00,1293.00,1350.00,1396.00,1431.00,1433.00,1432.00,1318.00,1337.00,1381.00,1435.00,1482.00,1555.00,1619.00,1682.00,1724.00
E07000095,E1931,Broxbourne,YES,SD,508.00,517.00,520.00,537.00,569.00,640.00,700.00,742.00,786.00,859.00,1012.00,1077.00,1125.00,1185.00,1240.00,1298.00,1340.00,1336.00,1336.00,1337.00,1172.00,1160.00,1197.00,1248.00,1317.00,1402.00,1468.00,1534.00,1550.00
E07000172,E3033,Broxtowe,YES,SD,430.00,510.00,537.00,548.00,573.00,638.00,699.00,743.00,787.00,857.00,945.00,999.00,1036.00,1087.00,1135.00,1173.00,1205.00,1216.00,1214.00,1218.00,1090.00,1096.00,1121.00,1170.00,1223.00,1288.00,1346.00,1406.00,1460.00
E06000060,E0402,Buckinghamshire UA,YES,UA,-,-,-,-,-,-,-,-,-,-,-,-,-,-,-,-,-,-,-,-,-,-,-,-,-,-,-,1924.00,1972.00
E07000117,E2333,Burnley,YES,SD,400.00,441.00,456.00,485.00,515.00,578.00,625.00,661.00,688.00,738.00,810.00,847.00,872.00,916.00,966.00,1008.00,1043.00,1048.00,1048.00,1045.00,846.00,844.00,883.00,930.00,976.00,1049.00,1096.00,1139.00,1175.00
E08000002,E4202,Bury,YES,MD,462.00,434.00,472.00,493.00,540.00,571.00,616.00,644.00,690.00,737.00,826.00,848.00,891.00,939.00,980.00,1013.00,1068.00,1104.00,1101.00,1099.00,972.00,958.00,955.00,999.00,1050.00,1123.00,1187.00,1276.00,1302.00
E08000033,E4702,Calderdale,YES,MD,434.00,477.00,494.00,521.00,553.00,596.00,624.00,652.00,688.00,733.00,810.00,852.00,889.00,936.00,984.00,1013.00,1041.00,1035.00,1036.00,1044.00,913.00,911.00,918.00,965.00,1018.00,1093.00,1155.00,1210.00,1247.00
E07000008,E0531,Cambridge,YES,SD,486.00,479.00,504.00,523.00,548.00,590.00,637.00,689.00,735.00,816.00,899.00,973.00,1006.00,1054.00,1146.00,1196.00,1237.00,1265.00,1276.00,1307.00,1217.00,1237.00,1276.00,1298.00,1343.00,1395.00,1463.00,1532.00,1531.00
E09000007,E5011,Camden,YES,ILB,650.00,598.00,623.00,732.00,758.00,839.00,853.00,873.00,907.00,965.00,1115.00,1198.00,1227.00,1283.00,1299.00,1335.00,1331.00,1319.00,1331.00,1332.00,1112.00,1095.00,1125.00,1171.00,1212.00,1273.00,1350.00,1419.00,1419.00
E07000192,E3431,Cannock Chase,YES,SD,425.00,446.00,447.00,476.00,505.00,543.00,588.00,624.00,683.00,727.00,835.00,892.00,933.00,979.00,1019.00,1059.00,1091.00,1113.00,1117.00,1118.00,961.00,951.00,978.00,1016.00,1066.00,1141.00,1189.00,1240.00,1282.00
E07000106,E2232,Canterbury,YES,SD,460.00,470.00,499.00,522.00,549.00,608.00,654.00,700.00,744.00,822.00,941.00,1011.00,1056.00,1120.00,1169.00,1216.00,1250.00,1275.00,1278.00,1278.00,1127.00,1133.00,1167.00,1223.00,1284.00,1361.00,1441.00,1516.00,1529.00
E07000019,E0831,Caradon,NO,SD,445.00,464.00,465.00,490.00,517.00,563.00,596.00,653.00,686.00,752.00,850.00,939.00,984.00,1035.00,1087.00,1142.00,-,-,-,-,-,-,-, - ,-,-,-,-,-
E07000028,E0933,Carlisle,YES,SD,432.00,459.00,488.00,518.00,554.00,596.00,624.00,654.00,688.00,746.00,843.00,895.00,923.00,999.00,1036.00,1082.00,1107.00,1131.00,1132.00,1137.00,1003.00,995.00,1025.00,1071.00,1124.00,1172.00,1236.00,1296.00,1340.00
E07000020,E0832,Carrick,NO,SD,474.00,494.00,493.00,518.00,535.00,588.00,624.00,685.00,721.00,784.00,872.00,965.00,1020.00,1073.00,1133.00,1197.00,-,-,-,-,-,-,-, - ,-,-,-,-,-
E07000160,E2934,Castle Morpeth,NO,SD,575.00,550.00,590.00,618.00,674.00,760.00,828.00,879.00,930.00,1003.00,1130.00,1182.00,1236.00,1262.00,1299.00,1317.00,-,-,-,-,-,-,-, - ,-,-,-,-,-
E07000069,E1534,Castle Point,YES,SD,491.00,501.00,526.00,557.00,582.00,655.00,697.00,754.00,814.00,892.00,1027.00,1077.00,1122.00,1169.00,1224.00,1278.00,1308.00,1327.00,1332.00,1339.00,1170.00,1187.00,1208.00,1261.00,1301.00,1378.00,1455.00,1513.00,1538.00
E06000056,E0203,Central Bedfordshire UA,YES,UA,-,-,-,-,-,-,-,-,-,-,-,-,-,-,-,-,1458.00,1504.00,1515.00,1517.00,1394.00,1391.00,1408.00,1478.00,1547.00,1629.00,1683.00,1757.00,1833.00
E07000130,E2432,Charnwood,YES,SD,451.00,485.00,471.00,513.00,587.00,628.00,665.00,709.00,752.00,826.00,903.00,974.00,1001.00,1043.00,1100.00,1159.00,1181.00,1209.00,1209.00,1223.00,1107.00,1112.00,1148.00,1204.00,1257.00,1337.00,1409.00,1467.00,1544.00
E07000070,E1535,Chelmsford,YES,SD,500.00,517.00,538.00,565.00,601.00,682.00,735.00,790.00,845.00,924.00,1076.00,1131.00,1166.00,1215.00,1277.00,1337.00,1366.00,1390.00,1389.00,1398.00,1291.00,1283.00,1322.00,1380.00,1426.00,1499.00,1582.00,1655.00,1675.00
E07000078,E1631,Cheltenham,YES,SD,427.00,463.00,463.00,491.00,523.00,581.00,629.00,689.00,735.00,814.00,942.00,1007.00,1048.00,1087.00,1130.00,1180.00,1215.00,1236.00,1237.00,1239.00,1120.00,1112.00,1125.00,1170.00,1222.00,1290.00,1379.00,1430.00,1483.00
E07000177,E3131,Cherwell,YES,SD,424.00,435.00,467.00,513.00,535.00,596.00,668.00,732.00,781.00,855.00,993.00,1072.00,1121.00,1178.00,1234.00,1275.00,1319.00,1349.00,1345.00,1347.00,1254.00,1281.00,1312.00,1395.00,1463.00,1552.00,1615.00,1695.00,1713.00
E06000049,E0603,Cheshire East UA,YES,UA,-,-,-,-,-,-,-,-,-,-,-,-,-,-,-,-,1289.00,1312.00,1322.00,1329.00,1243.00,1229.00,1243.00,1311.00,1379.00,1472.00,1544.00,1615.00,1690.00
E06000050,E0604,Cheshire West and Chester UA,YES,UA,-,-,-,-,-,-,-,-,-,-,-,-,-,-,-,-,1240.00,1269.00,1268.00,1268.00,1161.00,1152.00,1170.00,1226.00,1274.00,1349.00,1448.00,1515.00,1568.00
E07000013,E0631,Chester,NO,SD,528.00,531.00,560.00,587.00,614.00,723.00,758.00,815.00,861.00,907.00,993.00,1042.00,1078.00,1129.00,1184.00,1242.00,-,-,-,-,-,-,-, - ,-,-,-,-,-
E07000054,E1331,Chester-le-Street,NO,SD,393.00,379.00,427.00,444.00,506.00,568.00,591.00,620.00,649.00,739.00,811.00,860.00,904.00,951.00,1006.00,1033.00,-,-,-,-,-,-,-, - ,-,-,-,-,-
E07000034,E1033,Chesterfield,YES,SD,432.00,424.00,445.00,460.00,491.00,543.00,585.00,628.00,667.00,727.00,793.00,830.00,846.00,890.00,930.00,963.00,994.00,1001.00,1001.00,1014.00,841.00,852.00,874.00,918.00,956.00,1012.00,1069.00,1097.00,1130.00
E07000225,E3833,Chichester,YES,SD,456.00,503.00,558.00,595.00,636.00,707.00,750.00,791.00,842.00,927.00,1093.00,1183.00,1244.00,1293.00,1355.00,1416.00,1461.00,1495.00,1493.00,1496.00,1379.00,1384.00,1400.00,1464.00,1527.00,1615.00,1708.00,1792.00,1869.00
E07000005,E0432,Chiltern,NO,SD,629.00,634.00,674.00,728.00,772.00,848.00,921.00,990.00,1046.00,1144.00,1328.00,1417.00,1484.00,1552.00,1617.00,1688.00,1749.00,1791.00,1783.00,1786.00,1671.00,1715.00,1754.00,1826.00,1906.00,2024.00,2117.00,-,-
E07000118,E2334,Chorley,YES,SD,471.00,504.00,508.00,537.00,571.00,654.00,706.00,746.00,780.00,843.00,944.00,1004.00,1034.00,1084.00,1136.00,1176.00,1198.00,1199.00,1204.00,1203.00,1069.00,1075.00,1120.00,1158.00,1210.00,1291.00,1356.00,1402.00,1445.00
E07000048,E1232,Christchurch,NO,SD,441.00,485.00,498.00,527.00,635.00,698.00,754.00,789.00,827.00,927.00,1058.00,1145.00,1193.00,1253.00,1322.00,1385.00,1426.00,1471.00,1469.00,1469.00,1317.00,1342.00,1372.00,1432.00,1496.00,1601.00,-,-,-
E09000001,E5010,City of London,YES,ILB,347.00,471.00,364.00,392.00,428.00,446.00,470.00,485.00,524.00,536.00,676.00,713.00,776.00,862.00,933.00,954.00,960.00,964.00,961.00,944.00,931.00,928.00,910.00,977.00,982.00,994.00,1072.00,1140.00,1171.00
-,E2033,Cleethorpes,NO,SD,470.00,514.00,528.00,-,-,-,-,-,-,-,-,-,-,-,-,-,-,-,-,-,-,-,-, - ,-,-,-,-,-
E07000071,E1536,Colchester,YES,SD,469.00,472.00,502.00,535.00,554.00,625.00,667.00,719.00,776.00,849.00,984.00,1043.00,1075.00,1118.00,1183.00,1227.00,1251.00,1277.00,1277.00,1281.00,1145.00,1158.00,1189.00,1238.00,1279.00,1349.00,1426.00,1479.00,1468.00
E07000014,E0632,Congleton,NO,SD,500.00,557.00,567.00,591.00,629.00,736.00,771.00,818.00,871.00,929.00,1021.00,1071.00,1108.00,1163.00,1221.00,1291.00,-,-,-,-,-,-,-, - ,-,-,-,-,-
E07000029,E0934,Copeland,YES,SD,410.00,423.00,443.00,467.00,507.00,557.00,584.00,624.00,656.00,712.00,802.00,860.00,915.00,960.00,996.00,1037.00,1063.00,1085.00,1079.00,1088.00,959.00,954.00,991.00,1039.00,1073.00,1128.00,1183.00,1241.00,1279.00
E07000150,E2831,Corby,NO,SD,350.00,393.00,385.00,417.00,447.00,486.00,527.00,560.00,584.00,666.00,743.00,801.00,819.00,842.00,881.00,952.00,975.00,998.00,1027.00,1031.00,859.00,888.00,922.00,964.00,1017.00,1102.00,1170.00,1215.00,-
E06000052,E0801,Cornwall UA,YES,UA,-,-,-,-,-,-,-,-,-,-,-,-,-,-,-,-,1140.00,1163.00,1163.00,1169.00,1039.00,1050.00,1089.00,1145.00,1200.00,1290.00,1364.00,1433.00,1486.00
E07000079,E1632,Cotswold,YES,SD,527.00,519.00,545.00,588.00,626.00,692.00,748.00,818.00,876.00,963.00,1117.00,1202.00,1251.00,1296.00,1344.00,1406.00,1447.00,1482.00,1484.00,1489.00,1401.00,1397.00,1387.00,1457.00,1509.00,1587.00,1703.00,1752.00,1829.00
E08000026,E4602,Coventry,YES,MD,473.00,524.00,558.00,570.00,593.00,634.00,682.00,718.00,749.00,782.00,824.00,855.00,884.00,922.00,955.00,992.00,1017.00,1021.00,1028.00,1025.00,815.00,838.00,862.00,930.00,987.00,1057.00,1123.00,1174.00,1206.00
E07000163,E2731,Craven,YES,SD,446.00,478.00,493.00,518.00,553.00,609.00,661.00,699.00,755.00,844.00,982.00,1065.00,1111.00,1162.00,1216.00,1270.00,1316.00,1351.00,1339.00,1340.00,1238.00,1257.00,1286.00,1346.00,1399.00,1481.00,1560.00,1618.00,1637.00
E07000226,E3834,Crawley,YES,SD,465.00,474.00,503.00,538.00,574.00,623.00,666.00,704.00,743.00,817.00,966.00,1029.00,1079.00,1134.00,1181.00,1258.00,1268.00,1301.00,1299.00,1294.00,1116.00,1121.00,1135.00,1193.00,1239.00,1309.00,1402.00,1460.00,1482.00
-,E0633,Crewe & Nantwich,NO,SD,469.00,487.00,517.00,540.00,562.00,666.00,700.00,749.00,787.00,828.00,911.00,961.00,995.00,1052.00,1096.00,1142.00,-,-,-,-,-,-,-, - ,-,-,-,-,-
E09000008,E5035,Croydon,YES,OLB,472.00,483.00,526.00,541.00,566.00,634.00,696.00,745.00,759.00,793.00,1007.00,1060.00,1121.00,1189.00,1234.00,1289.00,1313.00,1317.00,1314.00,1313.00,1099.00,1105.00,1127.00,1173.00,1247.00,1330.00,1426.00,1509.00,1547.00
E07000096,E1932,Dacorum,YES,SD,483.00,499.00,519.00,550.00,582.00,663.00,722.00,769.00,813.00,892.00,1044.00,1112.00,1164.00,1220.00,1281.00,1351.00,1406.00,1413.00,1432.00,1418.00,1286.00,1282.00,1318.00,1364.00,1442.00,1523.00,1586.00,1676.00,1739.00
-,E1332,Darlington,NO,SD,405.00,413.00,438.00,461.00,-,-,-,-,-,-,-,-,-,-,-,-,-,-,-,-,-,-,-, - ,-,-,-,-,-
E06000005,E1301,Darlington UA,YES,UA,-,-,-,-,419.00,463.00,485.00,524.00,589.00,669.00,725.00,796.00,842.00,883.00,940.00,987.00,1022.00,1027.00,1029.00,1060.00,919.00,942.00,979.00,1026.00,1074.00,1144.00,1200.00,1257.00,1315.00
E07000107,E2233,Dartford,YES,SD,464.00,479.00,498.00,525.00,553.00,608.00,657.00,708.00,754.00,833.00,943.00,1002.00,1045.00,1094.00,1150.00,1204.00,1238.00,1267.00,1266.00,1270.00,1139.00,1162.00,1199.00,1258.00,1319.00,1397.00,1481.00,1543.00,1594.00
E07000151,E2832,Daventry,NO,SD,444.00,478.00,498.00,545.00,565.00,599.00,643.00,681.00,734.00,850.00,948.00,1014.00,1057.00,1086.00,1143.00,1195.00,1239.00,1279.00,1273.00,1275.00,1183.00,1210.00,1260.00,1318.00,1399.00,1502.00,1589.00,1655.00,-
-,E1034,Derby,NO,SD,402.00,402.00,439.00,464.00,467.00,506.00,545.00,572.00,607.00,647.00,715.00,765.00,801.00,-,-,-,-,-,-,-,-,-,-, - ,-,-,-,-,-
E06000015,E1001,Derby UA,YES,UA,-,-,-,-,-,-,-,-,-,-,-,-,-,820.00,860.00,905.00,925.00,953.00,961.00,961.00,824.00,835.00,859.00,912.00,969.00,1038.00,1092.00,1143.00,1196.00
E07000035,E1035,Derbyshire Dales,YES,SD,563.00,581.00,597.00,620.00,661.00,731.00,791.00,844.00,909.00,996.00,1099.00,1182.00,1206.00,1266.00,1318.00,1368.00,1419.00,1452.00,1446.00,1439.00,1333.00,1338.00,1368.00,1421.00,1473.00,1554.00,1627.00,1706.00,1755.00
E07000055,E1333,Derwentside,NO,SD,459.00,379.00,434.00,463.00,522.00,564.00,590.00,621.00,652.00,754.00,821.00,864.00,913.00,950.00,1004.00,1030.00,-,-,-,-,-,-,-, - ,-,-,-,-,-
E08000017,E4402,Doncaster,YES,MD,388.00,375.00,391.00,405.00,438.00,475.00,508.00,533.00,571.00,612.00,695.00,732.00,740.00,763.00,792.00,826.00,856.00,883.00,884.00,889.00,739.00,773.00,799.00,837.00,884.00,934.00,1007.00,1049.00,1063.00
E06000059,E1203,Dorset Council,YES,UA,-,-,-,-,-,-,-,-,-,-,-,-,-,-,-,-,-,-,-,-,-, - ,-,-,-,-,1729.00,1790.00,1869.00
E07000108,E2234,Dover,YES,SD,443.00,463.00,484.00,499.00,523.00,583.00,631.00,673.00,711.00,774.00,875.00,934.00,996.00,1047.00,1105.00,1153.00,1184.00,1214.00,1212.00,1217.00,1056.00,1062.00,1091.00,1147.00,1203.00,1275.00,1353.00,1415.00,1475.00
E08000027,E4603,Dudley,YES,MD,438.00,440.00,461.00,485.00,529.00,566.00,592.00,636.00,683.00,720.00,767.00,785.00,806.00,828.00,865.00,904.00,945.00,955.00,958.00,961.00,803.00,806.00,823.00,873.00,916.00,978.00,1040.00,1088.00,1127.00
-,E1334,Durham City,NO,SD,405.00,371.00,422.00,463.00,528.00,591.00,617.00,649.00,671.00,769.00,843.00,899.00,934.00,976.00,1031.00,1060.00,-,-,-,-,-,-,-, - ,-,-,-,-,-
E06000047,E1302,Durham UA,YES,UA,-,-,-,-,-,-,-,-,-,-,-,-,-,-,-,-,1081.00,1105.00,1099.00,1112.00,905.00,913.00,935.00,989.00,1033.00,1099.00,1165.00,1224.00,1258.00
E09000009,E5036,Ealing,YES,OLB,513.00,438.00,479.00,493.00,551.00,608.00,668.00,716.00,779.00,840.00,1060.00,1138.00,1204.00,1256.00,1284.00,1317.00,1321.00,1313.00,1317.00,1313.00,1078.00,1067.00,1096.00,1121.00,1156.00,1233.00,1308.00,1359.00,1421.00
E07000057,E1335,Easington,NO,SD,388.00,385.00,432.00,471.00,512.00,574.00,596.00,627.00,653.00,741.00,797.00,851.00,898.00,939.00,994.00,1035.00,-,-,-,-,-,-,-, - ,-,-,-,-,-
E07000009,E0532,East Cambridgeshire,YES,SD,377.00,406.00,452.00,463.00,488.00,554.00,606.00,663.00,715.00,828.00,923.00,997.00,1045.00,1091.00,1134.00,1186.00,1233.00,1269.00,1273.00,1311.00,1226.00,1233.00,1259.00,1294.00,1323.00,1396.00,1479.00,1540.00,1555.00
E07000040,E1131,East Devon,YES,SD,461.00,520.00,511.00,536.00,563.00,657.00,703.00,752.00,796.00,874.00,1033.00,1114.00,1160.00,1214.00,1267.00,1318.00,1361.00,1395.00,1394.00,1405.00,1289.00,1310.00,1349.00,1408.00,1483.00,1577.00,1652.00,1716.00,1777.00
E07000049,E1233,East Dorset,NO,SD,516.00,561.00,575.00,608.00,723.00,794.00,858.00,903.00,964.00,1067.00,1219.00,1300.00,1356.00,1420.00,1492.00,1560.00,1613.00,1667.00,1665.00,1660.00,1546.00,1580.00,1616.00,1680.00,1758.00,1878.00,-,-,-
E07000085,E1732,East Hampshire,YES,SD,496.00,536.00,595.00,619.00,685.00,753.00,817.00,859.00,902.00,982.00,1122.00,1204.00,1245.00,1297.00,1359.00,1419.00,1439.00,1469.00,1469.00,1476.00,1398.00,1401.00,1406.00,1469.00,1523.00,1607.00,1673.00,1720.00,1796.00
E07000242,E1933,East Hertfordshire,YES,SD,528.00,533.00,553.00,596.00,626.00,701.00,767.00,824.00,880.00,965.00,1131.00,1199.00,1250.00,1332.00,1417.00,1483.00,1514.00,1516.00,1515.00,1522.00,1420.00,1402.00,1438.00,1489.00,1573.00,1679.00,1763.00,1834.00,1896.00
E07000137,E2532,East Lindsey,YES,SD,351.00,408.00,427.00,453.00,482.00,542.00,576.00,609.00,643.00,705.00,767.00,809.00,850.00,901.00,941.00,999.00,1014.00,1040.00,1046.00,1050.00,894.00,886.00,908.00,965.00,1008.00,1070.00,1144.00,1196.00,1221.00
E07000152,E2833,East Northamptonshire,NO,SD,395.00,462.00,477.00,508.00,528.00,573.00,630.00,673.00,711.00,800.00,883.00,946.00,978.00,1013.00,1057.00,1101.00,1143.00,1183.00,1190.00,1196.00,1096.00,1107.00,1155.00,1211.00,1278.00,1354.00,1441.00,1506.00,-
E06000011,E2001,East Riding of Yorkshire UA,YES,UA,-,-,-,-,626.00,667.00,695.00,750.00,799.00,845.00,900.00,970.00,1013.00,1062.00,1109.00,1171.00,1206.00,1219.00,1219.00,1225.00,1091.00,1085.00,1099.00,1158.00,1225.00,1307.00,1371.00,1431.00,1464.00
E07000193,E3432,East Staffordshire,YES,SD,389.00,432.00,449.00,468.00,501.00,555.00,601.00,639.00,697.00,744.00,858.00,920.00,970.00,1028.00,1081.00,1118.00,1150.00,1175.00,1173.00,1172.00,1036.00,1023.00,1055.00,1102.00,1157.00,1231.00,1286.00,1352.00,1384.00
E07000244,E3538,East Suffolk,YES,SD,-,-,-,-,-,-,-,-,-,-,-,-,-,-,-,-,-,-,-,-,-,-,-, - ,-,-,1309.00,1368.00,1406.00
-,E2034,East Yorkshire,NO,SD,420.00,478.00,508.00,-,-,-,-,-,-,-,-,-,-,-,-,-,-,-,-,-,-,-,-, - ,-,-,-,-,-
E07000061,E1432,Eastbourne,YES,SD,450.00,481.00,476.00,500.00,538.00,575.00,620.00,668.00,728.00,776.00,963.00,1041.00,1093.00,1143.00,1187.00,1234.00,1276.00,1290.00,1289.00,1289.00,1130.00,1115.00,1142.00,1217.00,1276.00,1363.00,1433.00,1481.00,1522.00
E07000086,E1733,Eastleigh,YES,SD,420.00,426.00,486.00,524.00,593.00,642.00,698.00,733.00,775.00,847.00,969.00,1024.00,1054.00,1096.00,1147.00,1196.00,1221.00,1245.00,1245.00,1248.00,1153.00,1148.00,1166.00,1213.00,1275.00,1349.00,1415.00,1466.00,1532.00
E07000030,E0935,Eden,YES,SD,487.00,506.00,543.00,567.00,605.00,677.00,708.00,750.00,785.00,844.00,954.00,1042.00,1093.00,1148.00,1198.00,1254.00,1279.00,1309.00,1308.00,1310.00,1224.00,1210.00,1245.00,1305.00,1361.00,1421.00,1494.00,1542.00,1583.00
E07000016,E0634,Ellesmere Port & Neston,NO,SD,471.00,491.00,515.00,543.00,580.00,661.00,695.00,734.00,773.00,819.00,902.00,951.00,981.00,1028.00,1075.00,1131.00,-,-,-,-,-,-,-, - ,-,-,-,-,-
E07000207,E3631,Elmbridge,YES,SD,673.00,671.00,670.00,714.00,759.00,842.00,915.00,958.00,998.00,1115.00,1340.00,1421.00,1476.00,1555.00,1615.00,1692.00,1730.00,1765.00,1770.00,1830.00,1757.00,1767.00,1821.00,1893.00,1986.00,2110.00,2207.00,2287.00,2313.00
E09000010,E5037,Enfield,YES,OLB,525.00,538.00,544.00,575.00,594.00,633.00,682.00,732.00,816.00,886.00,1040.00,1118.00,1151.00,1203.00,1250.00,1291.00,1315.00,1314.00,1314.00,1308.00,1032.00,1029.00,1055.00,1101.00,1152.00,1216.00,1288.00,1340.00,1342.00
E07000072,E1537,Epping Forest,YES,SD,534.00,509.00,579.00,613.00,661.00,759.00,808.00,862.00,932.00,1023.00,1186.00,1251.00,1293.00,1350.00,1419.00,1478.00,1513.00,1543.00,1541.00,1544.00,1409.00,1407.00,1421.00,1489.00,1543.00,1630.00,1712.00,1774.00,1773.00
E07000208,E3632,Epsom & Ewell,YES,SD,556.00,565.00,585.00,632.00,679.00,760.00,818.00,884.00,926.00,1025.00,1217.00,1292.00,1333.00,1394.00,1452.00,1527.00,1570.00,1604.00,1597.00,1646.00,1597.00,1605.00,1643.00,1722.00,1800.00,1904.00,1984.00,2062.00,2122.00
E07000036,E1036,Erewash,YES,SD,420.00,447.00,478.00,485.00,526.00,576.00,623.00,664.00,705.00,774.00,837.00,875.00,904.00,946.00,985.00,1023.00,1063.00,1074.00,1078.00,1076.00,934.00,948.00,968.00,1016.00,1060.00,1114.00,1171.00,1215.00,1250.00
E07000041,E1132,Exeter,YES,SD,435.00,449.00,446.00,451.00,474.00,548.00,597.00,629.00,672.00,740.00,871.00,928.00,961.00,1006.00,1051.00,1096.00,1130.00,1158.00,1158.00,1165.00,1027.00,1054.00,1081.00,1133.00,1197.00,1261.00,1327.00,1383.00,1444.00
E07000087,E1734,Fareham,YES,SD,403.00,461.00,528.00,550.00,604.00,662.00,714.00,753.00,792.00,863.00,998.00,1058.00,1097.00,1143.00,1204.00,1246.00,1267.00,1289.00,1287.00,1300.00,1200.00,1206.00,1225.00,1272.00,1331.00,1406.00,1468.00,1541.00,1620.00
E07000010,E0533,Fenland,YES,SD,374.00,375.00,409.00,425.00,447.00,489.00,535.00,586.00,634.00,717.00,819.00,904.00,940.00,985.00,1028.00,1080.00,1117.00,1149.00,1142.00,1174.00,1024.00,1042.00,1065.00,1101.00,1133.00,1198.00,1263.00,1312.00,1351.00
E07000112,E2240,Folkestone & Hythe,YES,SD,456.00,477.00,501.00,519.00,542.00,603.00,658.00,718.00,761.00,840.00,955.00,1063.00,1101.00,1151.00,1205.00,1256.00,1283.00,1307.00,1304.00,1309.00,1098.00,1118.00,1165.00,1241.00,1304.00,1392.00,1476.00,1525.00,1563.00
E07000201,E3532,Forest Heath,NO,SD,346.00,390.00,395.00,434.00,468.00,523.00,564.00,618.00,667.00,750.00,886.00,938.00,980.00,1041.00,1074.00,1112.00,1136.00,1163.00,1171.00,1170.00,1026.00,1015.00,1026.00,1064.00,1102.00,1165.00,-,-,-
E07000080,E1633,Forest of Dean,YES,SD,477.00,533.00,494.00,526.00,556.00,612.00,658.00,722.00,788.00,859.00,992.00,1039.00,1079.00,1113.00,1154.00,1206.00,1238.00,1264.00,1267.00,1270.00,1117.00,1122.00,1132.00,1187.00,1242.00,1307.00,1394.00,1450.00,1529.00
E07000119,E2335,Fylde,YES,SD,508.00,564.00,567.00,601.00,639.00,720.00,770.00,807.00,835.00,914.00,1000.00,1062.00,1101.00,1158.00,1221.00,1280.00,1317.00,1319.00,1318.00,1325.00,1181.00,1197.00,1215.00,1273.00,1329.00,1410.00,1476.00,1538.00,1600.00
E08000037,E4501,Gateshead,YES,MD,452.00,431.00,465.00,506.00,558.00,588.00,624.00,657.00,685.00,736.00,817.00,863.00,903.00,945.00,979.00,1022.00,1055.00,1071.00,1069.00,1059.00,840.00,865.00,893.00,938.00,988.00,1050.00,1114.00,1161.00,1216.00
E07000173,E3034,Gedling,YES,SD,459.00,507.00,542.00,555.00,583.00,644.00,704.00,740.00,782.00,864.00,957.00,1017.00,1059.00,1111.00,1146.00,1178.00,1208.00,1220.00,1216.00,1230.00,1101.00,1121.00,1154.00,1204.00,1260.00,1332.00,1401.00,1460.00,1504.00
-,E2235,Gillingham,NO,SD,405.00,447.00,461.00,492.00,513.00,-,-,-,-,-,-,-,-,-,-,-,-,-,-,-,-,-,-, - ,-,-,-,-,-
-,E2035,Glanford,NO,SD,461.00,508.00,520.00,-,-,-,-,-,-,-,-,-,-,-,-,-,-,-,-,-,-,-,-, - ,-,-,-,-,-
E07000081,E1634,Gloucester,YES,SD,383.00,408.00,397.00,427.00,471.00,531.00,574.00,624.00,665.00,733.00,850.00,905.00,939.00,987.00,1030.00,1075.00,1092.00,1121.00,1126.00,1124.00,974.00,959.00,969.00,1013.00,1054.00,1110.00,1189.00,1236.00,1275.00
E07000088,E1735,Gosport,YES,SD,389.00,430.00,472.00,494.00,540.00,585.00,631.00,663.00,704.00,762.00,875.00,939.00,973.00,1017.00,1067.00,1124.00,1152.00,1171.00,1167.00,1168.00,1034.00,1029.00,1064.00,1106.00,1168.00,1234.00,1303.00,1355.00,1395.00
E07000109,E2236,Gravesham,YES,SD,414.00,445.00,465.00,490.00,522.00,592.00,648.00,708.00,741.00,827.00,940.00,1004.00,1041.00,1083.00,1152.00,1196.00,1232.00,1242.00,1245.00,1247.00,1090.00,1133.00,1137.00,1196.00,1267.00,1353.00,1417.00,1482.00,1553.00
-,E2036,Great Grimsby,NO,SD,442.00,451.00,481.00,-,-,-,-,-,-,-,-,-,-,-,-,-,-,-,-,-,-,-,-, - ,-,-,-,-,-
E07000145,E2633,Great Yarmouth,YES,SD,348.00,353.00,360.00,395.00,422.00,479.00,533.00,565.00,600.00,661.00,767.00,831.00,866.00,911.00,957.00,1000.00,1031.00,1047.00,1048.00,1051.00,838.00,840.00,852.00,895.00,948.00,1026.00,1085.00,1141.00,1176.00
E09000011,E5012,Greenwich,YES,ILB,609.00,492.00,514.00,609.00,651.00,710.00,711.00,710.00,734.00,774.00,883.00,921.00,953.00,990.00,1022.00,1038.00,1035.00,1029.00,1036.00,1033.00,839.00,838.00,839.00,896.00,950.00,1020.00,1078.00,1107.00,1149.00
E07000209,E3633,Guildford,YES,SD,589.00,582.00,599.00,645.00,690.00,776.00,830.00,873.00,916.00,1021.00,1213.00,1272.00,1328.00,1390.00,1443.00,1518.00,1556.00,1587.00,1590.00,1628.00,1541.00,1533.00,1617.00,1684.00,1783.00,1888.00,1955.00,2043.00,2082.00
E09000012,E5013,Hackney,YES,ILB,508.00,496.00,599.00,648.00,602.00,605.00,603.00,647.00,479.00,633.00,777.00,858.00,912.00,952.00,973.00,986.00,998.00,997.00,1015.00,1017.00,754.00,757.00,786.00,804.00,841.00,895.00,957.00,1002.00,1020.00
E06000006,E0601,Halton UA,YES,UA,440.00,423.00,445.00,450.00,485.00,456.00,479.00,523.00,568.00,614.00,728.00,774.00,804.00,844.00,879.00,923.00,955.00,969.00,967.00,971.00,806.00,814.00,844.00,894.00,950.00,1007.00,1066.00,1113.00,1157.00
E07000164,E2732,Hambleton,YES,SD,407.00,435.00,445.00,493.00,538.00,612.00,676.00,717.00,774.00,871.00,1025.00,1098.00,1158.00,1201.00,1255.00,1315.00,1357.00,1395.00,1391.00,1390.00,1279.00,1304.00,1347.00,1401.00,1464.00,1529.00,1637.00,1699.00,1735.00
E09000013,E5014,Hammersmith & Fulham,YES,ILB,508.00,511.00,598.00,708.00,777.00,779.00,811.00,859.00,908.00,943.00,1071.00,1161.00,1169.00,1225.00,1217.00,1203.00,1165.00,1131.00,1127.00,1096.00,902.00,884.00,892.00,892.00,910.00,936.00,999.00,1041.00,1098.00
E07000131,E2433,Harborough,YES,SD,451.00,525.00,551.00,565.00,640.00,698.00,743.00,800.00,856.00,957.00,1046.00,1127.00,1162.00,1218.00,1268.00,1336.00,1371.00,1400.00,1410.00,1408.00,1322.00,1314.00,1342.00,1394.00,1451.00,1564.00,1636.00,1707.00,1767.00
E09000014,E5038,Haringey,YES,OLB,624.00,599.00,662.00,680.00,718.00,739.00,773.00,803.00,826.00,846.00,1012.00,1098.00,1167.00,1218.00,1257.00,1290.00,1299.00,1291.00,1291.00,1289.00,928.00,959.00,1001.00,1014.00,1079.00,1135.00,1176.00,1236.00,1269.00
E07000073,E1538,Harlow,YES,SD,571.00,557.00,534.00,567.00,574.00,675.00,718.00,761.00,810.00,868.00,972.00,1034.00,1067.00,1112.00,1166.00,1208.00,1245.00,1262.00,1259.00,1257.00,1026.00,1060.00,1058.00,1095.00,1151.00,1213.00,1287.00,1348.00,1376.00
E07000165,E2753,Harrogate,YES,SD,529.00,540.00,564.00,567.00,609.00,655.00,714.00,759.00,823.00,918.00,1070.00,1160.00,1208.00,1265.00,1322.00,1380.00,1431.00,1463.00,1460.00,1456.00,1355.00,1360.00,1392.00,1454.00,1528.00,1600.00,1688.00,1760.00,1811.00
E09000015,E5039,Harrow,YES,OLB,555.00,558.00,555.00,581.00,674.00,735.00,804.00,874.00,953.00,1042.00,1270.00,1327.00,1351.00,1407.00,1470.00,1511.00,1545.00,1541.00,1545.00,1548.00,1361.00,1370.00,1408.00,1461.00,1530.00,1591.00,1699.00,1771.00,1850.00
E07000089,E1736,Hart,YES,SD,496.00,551.00,619.00,654.00,722.00,791.00,859.00,907.00,954.00,1058.00,1208.00,1284.00,1324.00,1389.00,1429.00,1508.00,1541.00,1577.00,1577.00,1581.00,1531.00,1525.00,1536.00,1610.00,1694.00,1801.00,1870.00,1934.00,1989.00
-,E0731,Hartlepool,NO,SD,434.00,487.00,516.00,-,-,-,-,-,-,-,-,-,-,-,-,-,-,-,-,-,-,-,-, - ,-,-,-,-,-
E06000001,E0701,Hartlepool UA,YES,UA,434.00,487.00,516.00,572.00,602.00,624.00,655.00,685.00,716.00,766.00,815.00,874.00,921.00,972.00,1032.00,1082.00,1118.00,1146.00,1147.00,1153.00,891.00,885.00,901.00,967.00,1015.00,1085.00,1147.00,1206.00,1181.00
E07000062,E1433,Hastings,YES,SD,387.00,414.00,420.00,460.00,504.00,543.00,583.00,631.00,686.00,730.00,872.00,948.00,985.00,1024.00,1068.00,1102.00,1134.00,1163.00,1163.00,1167.00,916.00,923.00,961.00,1005.00,1063.00,1137.00,1190.00,1247.00,1269.00
E07000090,E1737,Havant,YES,SD,422.00,455.00,500.00,511.00,557.00,602.00,655.00,689.00,728.00,795.00,913.00,968.00,1003.00,1056.00,1107.00,1154.00,1184.00,1205.00,1203.00,1204.00,1038.00,1048.00,1067.00,1102.00,1154.00,1230.00,1278.00,1340.00,1406.00
E09000016,E5040,Havering,YES,OLB,480.00,456.00,508.00,547.00,604.00,667.00,729.00,787.00,882.00,956.00,1117.00,1180.00,1222.00,1266.00,1315.00,1358.00,1381.00,1374.00,1378.00,1380.00,1205.00,1195.00,1246.00,1290.00,1344.00,1399.00,1474.00,1533.00,1597.00
-,E1832,Hereford,NO,SD,367.00,396.00,414.00,439.00,463.00,-,-,-,-,-,-,-,-,-,-,-,-,-,-,-,-,-,-, - ,-,-,-,-,-
E06000019,E1801,Herefordshire UA,YES,UA,-,-,-,-,-,-,642.00,685.00,745.00,828.00,947.00,1057.00,1098.00,1161.00,1206.00,1264.00,1313.00,1348.00,1346.00,1349.00,1217.00,1240.00,1278.00,1344.00,1397.00,1471.00,1557.00,1624.00,1658.00
E07000098,E1934,Hertsmere,YES,SD,564.00,582.00,596.00,619.00,645.00,734.00,801.00,837.00,885.00,964.00,1140.00,1207.00,1266.00,1337.00,1397.00,1461.00,1509.00,1512.00,1510.00,1510.00,1354.00,1352.00,1385.00,1444.00,1521.00,1622.00,1691.00,1761.00,1815.00
E07000037,E1037,High Peak,YES,SD,499.00,516.00,542.00,562.00,593.00,655.00,708.00,767.00,808.00,886.00,968.00,1008.00,1040.00,1087.00,1129.00,1169.00,1203.00,1223.00,1219.00,1218.00,1089.00,1101.00,1124.00,1176.00,1222.00,1287.00,1354.00,1388.00,1422.00
E09000017,E5041,Hillingdon,YES,OLB,506.00,536.00,565.00,585.00,616.00,691.00,750.00,806.00,899.00,976.00,1129.00,1183.00,1240.00,1300.00,1350.00,1386.00,1381.00,1389.00,1391.00,1394.00,1197.00,1198.00,1213.00,1249.00,1260.00,1286.00,1342.00,1402.00,1467.00
E07000132,E2434,Hinckley & Bosworth,YES,SD,350.00,416.00,440.00,481.00,553.00,600.00,632.00,679.00,724.00,799.00,876.00,947.00,987.00,1027.00,1074.00,1130.00,1162.00,1189.00,1189.00,1193.00,1087.00,1081.00,1119.00,1169.00,1227.00,1310.00,1379.00,1436.00,1490.00
-,E2037,Holderness,NO,SD,461.00,504.00,540.00,-,-,-,-,-,-,-,-,-,-,-,-,-,-,-,-,-,-,-,-, - ,-,-,-,-,-
E07000227,E3835,Horsham,YES,SD,491.00,538.00,586.00,634.00,673.00,734.00,786.00,839.00,887.00,978.00,1156.00,1230.00,1286.00,1355.00,1431.00,1488.00,1525.00,1558.00,1556.00,1556.00,1445.00,1449.00,1476.00,1540.00,1606.00,1694.00,1809.00,1869.00,1942.00
E09000018,E5042,Hounslow,YES,OLB,568.00,547.00,583.00,625.00,649.00,694.00,748.00,807.00,883.00,958.00,1106.00,1190.00,1256.00,1315.00,1316.00,1314.00,1310.00,1304.00,1302.00,1300.00,1086.00,1083.00,1111.00,1105.00,1163.00,1201.00,1295.00,1345.00,1405.00
-,E1434,Hove,NO,SD,416.00,454.00,455.00,477.00,-,-,-,-,-,-,-,-,-,-,-,-,-,-,-,-,-,-,-, - ,-,-,-,-,-
E07000011,E0551,Huntingdonshire,YES,SD,359.00,407.00,442.00,468.00,504.00,572.00,645.00,700.00,748.00,828.00,904.00,990.00,1043.00,1088.00,1140.00,1193.00,1237.00,1275.00,1281.00,1315.00,1250.00,1273.00,1301.00,1339.00,1369.00,1442.00,1533.00,1598.00,1640.00
E07000120,E2336,Hyndburn,YES,SD,425.00,472.00,479.00,516.00,554.00,594.00,642.00,680.00,702.00,754.00,824.00,857.00,887.00,933.00,987.00,1019.00,1046.00,1048.00,1043.00,1028.00,804.00,810.00,837.00,870.00,951.00,1015.00,1083.00,1121.00,1121.00
E07000202,E3533,Ipswich,YES,SD,442.00,489.00,486.00,486.00,522.00,560.00,604.00,649.00,693.00,781.00,925.00,965.00,996.00,1037.00,1081.00,1118.00,1144.00,1159.00,1157.00,1158.00,960.00,974.00,1009.00,1036.00,1078.00,1136.00,1194.00,1249.00,1277.00
E06000046,E2101,Isle of Wight Council UA,YES,UA,-,-,484.00,530.00,556.00,604.00,656.00,680.00,708.00,809.00,932.00,1005.00,1050.00,1093.00,1118.00,1164.00,1204.00,1230.00,1228.00,1231.00,1041.00,1081.00,1117.00,1190.00,1270.00,1368.00,1435.00,1500.00,1564.00
E06000053,E4001,Isles of Scilly,YES,UA,396.00,422.00,427.00,446.00,466.00,501.00,550.00,585.00,611.00,673.00,849.00,918.00,968.00,1021.00,1073.00,1133.00,1193.00,1236.00,1237.00,1253.00,1337.00,1352.00,1383.00,1428.00,,1588.00,1658.00,1717.00,1771.00
E09000019,E5015,Islington,YES,ILB,572.00,550.00,666.00,759.00,782.00,810.00,804.00,779.00,770.00,769.00,948.00,1016.00,1078.00,1119.00,1171.00,1187.00,1184.00,1179.00,1183.00,1200.00,903.00,896.00,922.00,977.00,1034.00,1100.00,1147.00,1211.00,1215.00
E07000230,E3931,Kennet,NO,SD,489.00,527.00,549.00,574.00,628.00,708.00,759.00,820.00,886.00,966.00,1078.00,1157.00,1194.00,1261.00,1332.00,1417.00,-,-,-,-,-,-,-, - ,-,-,-,-,-
E09000020,E5016,Kensington & Chelsea,YES,ILB,530.00,552.00,554.00,577.00,593.00,617.00,665.00,719.00,804.00,890.00,1024.00,1123.00,1176.00,1222.00,1248.00,1282.00,1317.00,1311.00,1312.00,1309.00,1190.00,1176.00,1181.00,1180.00,1208.00,1289.00,1375.00,1427.00,1502.00
E07000021,E0833,Kerrier,NO,SD,437.00,418.00,442.00,469.00,498.00,547.00,580.00,632.00,671.00,728.00,816.00,897.00,938.00,982.00,1028.00,1079.00,-,-,-,-,-,-,-, - ,-,-,-,-,-
E07000153,E2834,Kettering,NO,SD,368.00,407.00,428.00,465.00,495.00,533.00,573.00,609.00,644.00,732.00,807.00,862.00,900.00,942.00,982.00,1037.00,1078.00,1106.00,1107.00,1099.00,987.00,1001.00,1035.00,1102.00,1159.00,1219.00,1303.00,1349.00,-
E07000146,E2634,King's Lynn & West Norfolk,YES,SD,381.00,398.00,427.00,439.00,464.00,528.00,581.00,619.00,661.00,734.00,846.00,914.00,943.00,991.00,1037.00,1083.00,1114.00,1143.00,1142.00,1145.00,1015.00,1029.00,1039.00,1084.00,1144.00,1221.00,1309.00,1370.00,1421.00
-,E2038,Kingston upon Hull,NO,SD,392.00,418.00,448.00,-,-,-,-,-,-,-,-,-,-,-,-,-,-,-,-,-,-,-,-, - ,-,-,-,-,-
E06000010,E2002,Kingston-upon-Hull UA,YES,UA,-,-,-,398.00,412.00,458.00,478.00,477.00,536.00,562.00,630.00,673.00,710.00,746.00,781.00,829.00,842.00,844.00,846.00,854.00,643.00,655.00,679.00,728.00,781.00,832.00,880.00,921.00,952.00
E09000021,E5043,Kingston-upon-Thames,YES,OLB,526.00,544.00,579.00,606.00,652.00,717.00,803.00,874.00,958.00,1071.00,1236.00,1332.00,1393.00,1470.00,1547.00,1607.00,1655.00,1696.00,1696.00,1688.00,1564.00,1548.00,1561.00,1582.00,1662.00,1697.00,1806.00,1884.00,1945.00
-,E0133,Kingswood,NO,SD,473.00,509.00,548.00,-,-,-,-,-,-,-,-,-,-,-,-,-,-,-,-,-,-,-,-, - ,-,-,-,-,-
E08000034,E4703,Kirklees,YES,MD,450.00,508.00,518.00,543.00,575.00,609.00,628.00,656.00,684.00,726.00,788.00,823.00,874.00,923.00,963.00,989.00,1028.00,1043.00,1042.00,1043.00,904.00,894.00,918.00,970.00,1028.00,1106.00,1155.00,1203.00,1243.00
E08000011,E4301,Knowsley,YES,MD,440.00,438.00,476.00,532.00,578.00,618.00,647.00,677.00,696.00,718.00,737.00,762.00,816.00,849.00,883.00,906.00,945.00,985.00,991.00,1000.00,725.00,728.00,766.00,807.00,856.00,926.00,987.00,1043.00,1088.00
E09000022,E5017,Lambeth,YES,ILB,473.00,480.00,523.00,517.00,518.00,514.00,511.00,524.00,596.00,663.00,809.00,845.00,881.00,915.00,956.00,998.00,1009.00,1010.00,1024.00,1032.00,830.00,848.00,901.00,934.00,997.00,1080.00,1134.00,1191.00,1246.00
E07000121,E2337,Lancaster,YES,SD,461.00,482.00,488.00,519.00,550.00,615.00,667.00,706.00,738.00,799.00,874.00,923.00,958.00,1005.00,1057.00,1096.00,1131.00,1134.00,1135.00,1140.00,963.00,985.00,1012.00,1071.00,1115.00,1192.00,1252.00,1303.00,1342.00
-,E0732,Langbaurgh-on-Tees,NO,SD,477.00,495.00,516.00,-,-,-,-,-,-,-,-,-,-,-,-,-,-,-,-,-,-,-,-, - ,-,-,-,-,-
E08000035,E4704,Leeds,YES,MD,428.00,427.00,443.00,464.00,497.00,544.00,569.00,600.00,629.00,678.00,736.00,778.00,821.00,861.00,904.00,947.00,971.00,993.00,996.00,998.00,868.00,872.00,895.00,941.00,995.00,1056.00,1119.00,1174.00,1216.00
-,E2435,Leicester,NO,SD,409.00,425.00,421.00,446.00,-,-,-,-,-,-,-,-,-,-,-,-,-,-,-,-,-,-,-, - ,-,-,-,-,-
E06000016,E2401,Leicester UA,YES,UA,-,-,-,-,397.00,493.00,512.00,567.00,599.00,641.00,679.00,746.00,779.00,803.00,831.00,886.00,927.00,945.00,943.00,976.00,770.00,798.00,826.00,889.00,945.00,1006.00,1070.00,1138.00,1159.00
-,E1833,Leominster,NO,SD,455.00,496.00,496.00,505.00,547.00,-,-,-,-,-,-,-,-,-,-,-,-,-,-,-,-,-,-, - ,-,-,-,-,-
E07000063,E1435,Lewes,YES,SD,474.00,512.00,512.00,563.00,617.00,679.00,733.00,800.00,873.00,925.00,1098.00,1181.00,1229.00,1291.00,1357.00,1412.00,1459.00,1500.00,1498.00,1499.00,1329.00,1341.00,1369.00,1446.00,1523.00,1631.00,1683.00,1748.00,1796.00
E09000023,E5018,Lewisham,YES,ILB,388.00,438.00,464.00,479.00,506.00,527.00,562.00,619.00,678.00,749.00,844.00,902.00,948.00,986.00,1012.00,1035.00,1054.00,1053.00,1053.00,1053.00,849.00,848.00,860.00,898.00,950.00,1047.00,1122.00,1178.00,1217.00
E07000194,E3433,Lichfield,YES,SD,452.00,490.00,503.00,539.00,568.00,638.00,688.00,728.00,793.00,846.00,995.00,1067.00,1113.00,1170.00,1223.00,1273.00,1303.00,1326.00,1324.00,1329.00,1218.00,1203.00,1250.00,1300.00,1361.00,1442.00,1505.00,1577.00,1632.00
E07000138,E2533,Lincoln,YES,SD,340.00,362.00,383.00,409.00,427.00,489.00,519.00,552.00,592.00,648.00,716.00,774.00,811.00,852.00,893.00,952.00,960.00,998.00,991.00,992.00,815.00,805.00,834.00,883.00,923.00,973.00,1039.00,1080.00,1080.00
E08000012,E4302,Liverpool,YES,MD,451.00,550.00,615.00,649.00,722.00,757.00,749.00,753.00,752.00,733.00,761.00,797.00,832.00,862.00,905.00,930.00,958.00,944.00,945.00,961.00,690.00,710.00,742.00,830.00,867.00,916.00,973.00,1029.00,1051.00
-,E0232,Luton,NO,SD,378.00,413.00,454.00,485.00,-,-,-,-,-,-,-,-,-,-,-,-,-,-,-,-,-,-,-, - ,-,-,-,-,-
E06000032,E0201,Luton UA,YES,UA,-,-,-,-,449.00,487.00,529.00,569.00,603.00,691.00,741.00,807.00,847.00,887.00,932.00,985.00,1017.00,1031.00,1036.00,1062.00,869.00,868.00,916.00,987.00,1032.00,1097.00,1137.00,1198.00,1229.00
E07000017,E0636,Macclesfield,NO,SD,564.00,596.00,627.00,655.00,688.00,803.00,841.00,889.00,944.00,994.00,1102.00,1160.00,1194.00,1255.00,1315.00,1366.00,-,-,-,-,-,-,-, - ,-,-,-,-,-
E07000110,E2237,Maidstone,YES,SD,508.00,544.00,566.00,595.00,626.00,689.00,749.00,805.00,854.00,939.00,1067.00,1141.00,1187.00,1243.00,1305.00,1363.00,1398.00,1430.00,1428.00,1430.00,1285.00,1299.00,1351.00,1426.00,1482.00,1568.00,1658.00,1730.00,1790.00
E07000074,E1539,Maldon,YES,SD,458.00,479.00,499.00,534.00,575.00,666.00,714.00,772.00,831.00,923.00,1073.00,1154.00,1193.00,1251.00,1305.00,1363.00,1391.00,1419.00,1417.00,1424.00,1297.00,1294.00,1309.00,1382.00,1433.00,1509.00,1591.00,1663.00,1663.00
E07000235,E1851,Malvern Hills,YES,SD,483.00,482.00,463.00,537.00,566.00,-,678.00,747.00,835.00,918.00,1025.00,1114.00,1149.00,1202.00,1258.00,1316.00,-,1386.00,1392.00,1389.00,1250.00,1273.00,1318.00,1379.00,1438.00,1511.00,1587.00,1640.00,1668.00
E08000003,E4203,Manchester,YES,MD,443.00,490.00,486.00,519.00,555.00,584.00,598.00,601.00,619.00,639.00,674.00,692.00,709.00,730.00,740.00,768.00,803.00,814.00,817.00,817.00,623.00,649.00,667.00,715.00,772.00,820.00,873.00,923.00,958.00
E07000174,E3035,Mansfield,YES,SD,457.00,448.00,472.00,464.00,509.00,565.00,632.00,670.00,713.00,776.00,859.00,901.00,940.00,984.00,1024.00,1061.00,1101.00,1109.00,1108.00,1116.00,926.00,940.00,978.00,1023.00,1079.00,1123.00,1180.00,1224.00,1259.00
-,-,Medina,NO,-,421.00,442.00,-,-,-,-,-,-,-,-,-,-,-,-,-,-,-,-,-,-,-,-,-, - ,-,-,-,-,-
E06000035,E2201,Medway UA,YES,UA,-,-,-,-,-,516.00,546.00,574.00,611.00,672.00,758.00,833.00,880.00,927.00,965.00,1015.00,-,1099.00,1099.00,1100.00,963.00,983.00,1022.00,1073.00,1123.00,1206.00,1268.00,1342.00,1406.00
E07000133,E2436,Melton,YES,SD,447.00,482.00,504.00,521.00,597.00,652.00,691.00,744.00,788.00,875.00,958.00,1034.00,1071.00,1133.00,1188.00,1239.00,1267.00,1295.00,1310.00,1309.00,1210.00,1212.00,1245.00,1289.00,1339.00,1425.00,1508.00,1574.00,1648.00
E07000187,E3331,Mendip,YES,SD,466.00,506.00,508.00,547.00,569.00,621.00,669.00,715.00,759.00,852.00,960.00,1021.00,1058.00,1109.00,1166.00,1214.00,1247.00,1258.00,1257.00,1266.00,1128.00,1139.00,1153.00,1209.00,1264.00,1337.00,1417.00,1485.00,1560.00
E09000024,E5044,Merton,YES,OLB,459.00,483.00,588.00,621.00,667.00,717.00,752.00,826.00,906.00,969.00,1085.00,1145.00,1182.00,1230.00,1279.00,1323.00,1345.00,1341.00,1338.00,1333.00,1180.00,1177.00,1194.00,1198.00,1240.00,1303.00,1385.00,1453.00,1499.00
E07000001,E0233,Mid Bedfordshire,NO,SD,463.00,493.00,508.00,562.00,682.00,736.00,797.00,858.00,915.00,1009.00,1129.00,1223.00,1279.00,1325.00,1392.00,1448.00,-,-,-,-,-,-,-, - ,-,-,-,-,-
E07000042,E1133,Mid Devon,YES,SD,466.00,508.00,487.00,500.00,547.00,628.00,680.00,721.00,768.00,848.00,1006.00,1073.00,1109.00,1162.00,1217.00,1270.00,1310.00,1340.00,1339.00,1342.00,1234.00,1267.00,1298.00,1347.00,1410.00,1485.00,1559.00,1626.00,1665.00
E07000203,E3534,Mid Suffolk,YES,SD,419.00,474.00,493.00,543.00,577.00,628.00,677.00,722.00,764.00,868.00,1026.00,1085.00,1120.00,1175.00,1214.00,1270.00,1298.00,1327.00,1329.00,1334.00,1238.00,1241.00,1259.00,1292.00,1334.00,1407.00,1479.00,1534.00,1573.00
E07000228,E3836,Mid Sussex,YES,SD,489.00,549.00,589.00,620.00,656.00,728.00,774.00,811.00,865.00,957.00,1130.00,1205.00,1272.00,1328.00,1387.00,1444.00,1488.00,1522.00,1516.00,1521.00,1448.00,1437.00,1447.00,1508.00,1569.00,1652.00,1747.00,1825.00,1905.00
-,E0733,Middlesbrough,NO,SD,460.00,506.00,527.00,-,-,-,-,-,-,-,-,-,-,-,-,-,-,-,-,-,-,-,-, - ,-,-,-,-,-
E06000002,E0702,Middlesbrough UA,YES,UA,460.00,506.00,527.00,447.00,502.00,521.00,561.00,586.00,610.00,660.00,743.00,797.00,835.00,889.00,922.00,972.00,1018.00,1048.00,1047.00,1088.00,837.00,844.00,871.00,928.00,972.00,1026.00,1091.00,1145.00,1173.00
-,E0433,Milton Keynes,NO,SD,457.00,472.00,501.00,543.00,-,-,-,-,-,-,-,-,-,-,-,-,-,-,-,-,-,-,-, - ,-,-,-,-,-
E06000042,E0401,Milton Keynes UA,YES,UA,-,-,-,-,525.00,557.00,619.00,660.00,717.00,773.00,862.00,922.00,979.00,1031.00,1076.00,1122.00,1151.00,1170.00,1162.00,1170.00,1042.00,1041.00,1078.00,1135.00,1199.00,1274.00,1343.00,1402.00,1417.00
E07000210,E3634,Mole Valley,YES,SD,587.00,587.00,613.00,656.00,693.00,788.00,866.00,903.00,943.00,1060.00,1264.00,1328.00,1385.00,1457.00,1521.00,1591.00,1630.00,1665.00,1671.00,1715.00,1645.00,1653.00,1725.00,1790.00,1884.00,1979.00,2070.00,2131.00,2172.00
E07000091,E1738,New Forest,YES,SD,423.00,486.00,536.00,568.00,630.00,691.00,744.00,780.00,824.00,899.00,1033.00,1106.00,1152.00,1204.00,1263.00,1324.00,1355.00,1382.00,1382.00,1381.00,1276.00,1281.00,1293.00,1343.00,1409.00,1493.00,1561.00,1628.00,1702.00
E07000175,E3036,Newark & Sherwood,YES,SD,481.00,528.00,568.00,591.00,625.00,693.00,751.00,792.00,835.00,914.00,1009.00,1067.00,1108.00,1162.00,1203.00,1244.00,1295.00,1304.00,1305.00,1308.00,1192.00,1196.00,1229.00,1282.00,1338.00,1404.00,1472.00,1531.00,1595.00
-,E0332,Newbury,NO,SD,514.00,542.00,555.00,605.00,642.00,-,-,-,-,-,-,-,-,-,-,-,-,-,-,-,-,-,-, - ,-,-,-,-,-
E08000021,E4502,Newcastle-upon-Tyne,YES,MD,528.00,494.00,445.00,496.00,543.00,597.00,642.00,658.00,682.00,737.00,814.00,863.00,891.00,913.00,945.00,995.00,1022.00,1039.00,1046.00,1039.00,817.00,807.00,825.00,863.00,906.00,974.00,1028.00,1066.00,1097.00
E07000195,E3434,Newcastle-under-Lyme,YES,SD,399.00,421.00,422.00,440.00,478.00,533.00,576.00,608.00,660.00,707.00,811.00,870.00,911.00,951.00,1001.00,1035.00,1063.00,1079.00,1093.00,1094.00,959.00,953.00,969.00,1021.00,1073.00,1136.00,1191.00,1241.00,1287.00
E09000025,E5045,Newham,YES,OLB,425.00,437.00,422.00,427.00,454.00,482.00,505.00,552.00,609.00,661.00,756.00,802.00,848.00,885.00,926.00,956.00,970.00,956.00,959.00,957.00,727.00,757.00,780.00,787.00,806.00,851.00,920.00,959.00,988.00
E07000022,E0834,North Cornwall,NO,SD,425.00,460.00,465.00,487.00,518.00,563.00,602.00,659.00,689.00,753.00,840.00,935.00,1001.00,1049.00,1101.00,1159.00,-,-,-,-,-,-,-, - ,-,-,-,-,-
E07000043,E1134,North Devon,YES,SD,438.00,476.00,472.00,472.00,509.00,597.00,642.00,684.00,728.00,800.00,948.00,1024.00,1067.00,1119.00,1175.00,1229.00,1260.00,1295.00,1290.00,1293.00,1142.00,1165.00,1188.00,1244.00,1307.00,1383.00,1457.00,1520.00,1567.00
E07000050,E1234,North Dorset,NO,SD,419.00,464.00,485.00,529.00,645.00,698.00,753.00,798.00,853.00,931.00,1076.00,1159.00,1223.00,1271.00,1337.00,1403.00,1456.00,1499.00,1500.00,1499.00,1384.00,1416.00,1444.00,1466.00,1538.00,1629.00,-,-,-
E07000038,E1038,North East Derbyshire,YES,SD,479.00,491.00,519.00,534.00,573.00,636.00,690.00,738.00,779.00,855.00,931.00,972.00,1001.00,1045.00,1085.00,1138.00,1174.00,1198.00,1196.00,1201.00,1045.00,1060.00,1090.00,1135.00,1176.00,1244.00,1304.00,1333.00,1378.00
E06000012,E2003,North East Lincolnshire UA,YES,UA,-,-,-,-,537.00,564.00,587.00,624.00,669.00,728.00,797.00,859.00,910.00,939.00,968.00,1002.00,1029.00,1036.00,1035.00,1040.00,848.00,853.00,883.00,941.00,995.00,1061.00,1117.00,1180.00,1236.00
E07000099,E1935,North Hertfordshire,YES,SD,474.00,486.00,505.00,545.00,583.00,653.00,712.00,755.00,801.00,880.00,1034.00,1103.00,1155.00,1214.00,1281.00,1343.00,1388.00,1384.00,1383.00,1383.00,1273.00,1262.00,1291.00,1346.00,1412.00,1498.00,1565.00,1636.00,1677.00
E07000139,E2534,North Kesteven,YES,SD,402.00,450.00,475.00,511.00,538.00,609.00,646.00,685.00,729.00,802.00,874.00,924.00,969.00,1023.00,1067.00,1129.00,1147.00,1176.00,1174.00,1179.00,1076.00,1067.00,1101.00,1159.00,1214.00,1275.00,1352.00,1401.00,1419.00
E06000013,E2004,North Lincolnshire UA,YES,UA,-,-,-,-,662.00,694.00,715.00,737.00,765.00,807.00,832.00,905.00,946.00,990.00,1020.00,1058.00,1097.00,1126.00,1140.00,1149.00,965.00,957.00,969.00,1014.00,1082.00,1144.00,1205.00,1255.00,1292.00
E07000147,E2635,North Norfolk,YES,SD,392.00,412.00,442.00,472.00,491.00,562.00,618.00,660.00,700.00,776.00,896.00,991.00,1024.00,1062.00,1115.00,1161.00,1199.00,1223.00,1221.00,1228.00,1080.00,1083.00,1098.00,1145.00,1209.00,1304.00,1375.00,1423.00,1483.00
E06000061,E2801,North Northamptonshire,YES,UA,-,-,-,-,-,-,-,-,-,-,-,-,-,-,-,-,-,-,-,-,-,-,-, - ,-,-,-,-,1425.00
E07000183,E3232,North Shropshire,NO,SD,476.00,516.00,530.00,552.00,583.00,647.00,704.00,748.00,786.00,870.00,1003.00,1069.00,1121.00,1171.00,1223.00,1271.00,-,-,-,-,-,-,-, - ,-,-,-,-,-
E06000024,E0104,North Somerset UA,YES,UA,515.00,549.00,578.00,534.00,551.00,600.00,655.00,689.00,721.00,816.00,969.00,1049.00,1078.00,1130.00,1170.00,1203.00,-,1256.00,1255.00,1256.00,1139.00,1161.00,1170.00,1227.00,1293.00,1374.00,1443.00,1497.00,1554.00
E08000022,E4503,North Tyneside,YES,MD,481.00,462.00,497.00,524.00,550.00,574.00,619.00,665.00,693.00,746.00,812.00,853.00,880.00,925.00,958.00,990.00,1012.00,1040.00,1042.00,1040.00,857.00,880.00,894.00,934.00,996.00,1057.00,1110.00,1172.00,1205.00
E07000218,E3731,North Warwickshire,YES,SD,530.00,548.00,562.00,593.00,629.00,674.00,723.00,764.00,804.00,905.00,973.00,1030.00,1070.00,1116.00,1157.00,1214.00,1257.00,1281.00,1285.00,1303.00,1149.00,1165.00,1199.00,1248.00,1293.00,1352.00,1430.00,1488.00,1532.00
E07000134,E2437,North West Leicestershire,YES,SD,398.00,447.00,481.00,504.00,571.00,628.00,662.00,711.00,755.00,833.00,915.00,982.00,1013.00,1058.00,1104.00,1153.00,1186.00,1215.00,1211.00,1213.00,1093.00,1095.00,1123.00,1169.00,1225.00,1326.00,1396.00,1462.00,1520.00
E07000231,E3932,North Wiltshire,NO,SD,499.00,569.00,568.00,584.00,630.00,708.00,755.00,817.00,883.00,967.00,1071.00,1127.00,1180.00,1241.00,1311.00,1377.00,-,-,-,-,-,-,-, - ,-,-,-,-,-
E07000154,E2835,Northampton,NO,SD,376.00,453.00,477.00,499.00,504.00,541.00,597.00,637.00,675.00,764.00,834.00,887.00,909.00,944.00,983.00,1023.00,1062.00,1101.00,1091.00,1091.00,942.00,977.00,1006.00,1066.00,1122.00,1198.00,1281.00,1337.00,-
-,E0134,Northavon,NO,SD,525.00,573.00,602.00,-,-,-,-,-,-,-,-,-,-,-,-,-,-,-,-,-,-,-,-, - ,-,-,-,-,-
E06000057,E2901,Northumberland UA,YES,UA,-,-,-,-,-,-,-,-,-,-,-,-,-,-,-,-,1111.00,1138.00,1148.00,1155.00,1018.00,1037.00,1063.00,1114.00,1183.00,1252.00,1330.00,1391.00,1430.00
E07000148,E2636,Norwich,YES,SD,395.00,405.00,430.00,432.00,444.00,496.00,549.00,587.00,629.00,695.00,802.00,850.00,878.00,917.00,966.00,1017.00,1045.00,1061.00,1059.00,1057.00,839.00,837.00,859.00,901.00,954.00,1016.00,1073.00,1123.00,1168.00
-,E3037,Nottingham,NO,SD,397.00,437.00,458.00,-,-,-,-,-,-,-,-,-,-,-,-,-,-,-,-,-,-,-,-, - ,-,-,-,-,-
E06000018,E3001,Nottingham UA,YES,UA,-,-,-,484.00,510.00,523.00,559.00,579.00,613.00,659.00,720.00,801.00,837.00,874.00,904.00,929.00,961.00,991.00,988.00,1019.00,779.00,827.00,855.00,895.00,952.00,1036.00,1095.00,1146.00,1180.00
E07000219,E3732,Nuneaton & Bedworth,YES,SD,481.00,485.00,498.00,525.00,554.00,580.00,630.00,665.00,707.00,794.00,864.00,923.00,947.00,988.00,1031.00,1084.00,1121.00,1142.00,1149.00,1152.00,973.00,996.00,1037.00,1079.00,1125.00,1199.00,1273.00,1332.00,1365.00
E07000135,E2438,Oadby & Wigston,YES,SD,427.00,477.00,494.00,502.00,562.00,605.00,661.00,711.00,756.00,833.00,910.00,983.00,1014.00,1056.00,1103.00,1156.00,1184.00,1214.00,1212.00,1216.00,1092.00,1103.00,1138.00,1188.00,1236.00,1304.00,1374.00,1430.00,1498.00
E08000004,E4204,Oldham,YES,MD,436.00,474.00,505.00,531.00,564.00,599.00,640.00,664.00,725.00,745.00,837.00,880.00,923.00,971.00,1018.00,1021.00,1054.00,1075.00,1077.00,1078.00,889.00,902.00,923.00,968.00,1009.00,1066.00,1141.00,1199.00,1225.00
E07000184,E3233,Oswestry,NO,SD,397.00,420.00,440.00,471.00,495.00,546.00,613.00,649.00,688.00,785.00,909.00,970.00,1024.00,1072.00,1124.00,1174.00,-,-,-,-,-,-,-, - ,-,-,-,-,-
E07000178,E3132,Oxford,YES,SD,514.00,534.00,585.00,611.00,632.00,674.00,734.00,790.00,847.00,912.00,1025.00,1101.00,1176.00,1243.00,1294.00,1321.00,1369.00,1405.00,1403.00,1402.00,1245.00,1259.00,1300.00,1369.00,1447.00,1529.00,1597.00,1664.00,1688.00
E07000122,E2338,Pendle,YES,SD,439.00,474.00,481.00,508.00,544.00,590.00,635.00,668.00,698.00,754.00,831.00,873.00,903.00,942.00,994.00,1034.00,1055.00,1068.00,1067.00,1077.00,880.00,904.00,938.00,1000.00,1044.00,1120.00,1190.00,1248.00,1273.00
E07000023,E0835,Penwith,NO,SD,410.00,435.00,444.00,460.00,479.00,530.00,563.00,609.00,637.00,695.00,785.00,875.00,916.00,960.00,1006.00,1052.00,-,-,-,-,-,-,-, - ,-,-,-,-,-
-,E0535,Peterborough,NO,SD,378.00,387.00,390.00,-,-,-,-,-,-,-,-,-,-,-,-,-,-,-,-,-,-,-,-, - ,-,-,-,-,-
E06000031,E0501,Peterborough UA,YES,UA,-,-,-,408.00,447.00,505.00,554.00,597.00,629.00,700.00,764.00,822.00,859.00,897.00,936.00,954.00,980.00,1001.00,999.00,1028.00,907.00,905.00,914.00,965.00,1012.00,1084.00,1142.00,1200.00,1259.00
-,E1135,Plymouth,NO,SD,384.00,415.00,418.00,-,-,-,-,-,-,-,-,-,-,-,-,-,-,-,-,-,-,-,-, - ,-,-,-,-,-
E06000026,E1101,Plymouth UA,YES,UA,-,-,-,460.00,481.00,455.00,493.00,539.00,557.00,631.00,735.00,797.00,837.00,889.00,934.00,982.00,1025.00,1057.00,1058.00,1062.00,936.00,945.00,978.00,1010.00,1053.00,1119.00,1169.00,1228.00,1257.00
-,E1235,Poole,NO,SD,425.00,479.00,501.00,-,-,-,-,-,-,-,-,-,-,-,-,-,-,-,-,-,-,-,-, - ,-,-,-,-,-
E06000029,E1201,Poole UA,NO,UA,-,-,-,533.00,550.00,606.00,637.00,715.00,756.00,843.00,962.00,1035.00,1089.00,1137.00,1174.00,1229.00,1280.00,1325.00,1319.00,1320.00,1190.00,1192.00,1209.00,1261.00,1337.00,1423.00,-,-,-
-,E1739,Portsmouth,NO,SD,327.00,365.00,401.00,-,-,-,-,-,-,-,-,-,-,-,-,-,-,-,-,-,-,-,-, - ,-,-,-,-,-
E06000044,E1701,Portsmouth UA,YES,UA,-,-,-,420.00,442.00,465.00,497.00,517.00,549.00,615.00,741.00,802.00,829.00,862.00,897.00,948.00,992.00,994.00,999.00,998.00,856.00,857.00,881.00,914.00,984.00,1035.00,1097.00,1152.00,1174.00
E07000123,E2339,Preston,YES,SD,454.00,486.00,498.00,531.00,559.00,632.00,681.00,719.00,739.00,794.00,874.00,920.00,949.00,1003.00,1062.00,1100.00,1128.00,1135.00,1134.00,1144.00,964.00,971.00,992.00,1032.00,1076.00,1168.00,1249.00,1292.00,1328.00
E07000051,E1236,Purbeck,NO,SD,446.00,493.00,508.00,536.00,649.00,709.00,768.00,812.00,867.00,950.00,1098.00,1194.00,1244.00,1312.00,1377.00,1445.00,1502.00,1538.00,1538.00,1539.00,1422.00,1440.00,1473.00,1538.00,1626.00,1722.00,-,-,-
-,E0333,Reading,NO,SD,514.00,503.00,512.00,-,-,-,-,-,-,-,-,-,-,-,-,-,-,-,-,-,-,-,-, - ,-,-,-,-,-
E06000038,E0303,Reading UA,YES,UA,-,-,-,576.00,583.00,678.00,727.00,763.00,815.00,892.00,980.00,1024.00,1085.00,1134.00,1168.00,1190.00,1236.00,1261.00,1259.00,1260.00,1132.00,1154.00,1201.00,1260.00,1359.00,1466.00,1540.00,1591.00,1631.00
E09000026,E5046,Redbridge,YES,OLB,473.00,452.00,520.00,540.00,582.00,632.00,700.00,765.00,815.00,876.00,1015.00,1081.00,1133.00,1195.00,1230.00,1271.00,1301.00,1304.00,1299.00,1292.00,1093.00,1094.00,1112.00,1167.00,1243.00,1326.00,1426.00,1488.00,1539.00
E06000003,E0703,Redcar & Cleveland UA,YES,UA,477.00,495.00,516.00,596.00,653.00,676.00,714.00,746.00,755.00,774.00,795.00,854.00,918.00,962.00,1005.00,1062.00,1095.00,1126.00,1127.00,1166.00,962.00,981.00,1007.00,1036.00,1078.00,1131.00,1194.00,1249.00,1295.00
E07000236,E1835,Redditch,YES,SD,438.00,459.00,464.00,485.00,512.00,556.00,605.00,663.00,728.00,800.00,890.00,957.00,991.00,1034.00,1087.00,1127.00,1171.00,1204.00,1200.00,1200.00,1030.00,1072.00,1096.00,1137.00,1176.00,1251.00,1299.00,1339.00,1362.00
E07000211,E3635,Reigate & Banstead,YES,SD,568.00,572.00,590.00,630.00,676.00,757.00,821.00,871.00,928.00,1030.00,1205.00,1262.00,1311.00,1382.00,1447.00,1520.00,1570.00,1600.00,1600.00,1641.00,1583.00,1594.00,1631.00,1694.00,1772.00,1871.00,1947.00,2032.00,2068.00
E07000024,E0836,Restormel,NO,SD,424.00,442.00,447.00,463.00,482.00,542.00,575.00,628.00,655.00,717.00,796.00,871.00,919.00,964.00,1017.00,1061.00,-,-,-,-,-,-,-, - ,-,-,-,-,-
E07000124,E2340,Ribble Valley,YES,SD,548.00,606.00,604.00,637.00,679.00,759.00,822.00,863.00,896.00,964.00,1057.00,1114.00,1156.00,1213.00,1281.00,1326.00,1364.00,1373.00,1370.00,1373.00,1265.00,1278.00,1308.00,1359.00,1410.00,1500.00,1568.00,1636.00,1699.00
E09000027,E5047,Richmond-upon-Thames,YES,OLB,571.00,664.00,740.00,769.00,807.00,826.00,914.00,1003.00,1103.00,1208.00,1392.00,1489.00,1549.00,1575.00,1665.00,1730.00,1782.00,1779.00,1787.00,1788.00,1648.00,1646.00,1654.00,1668.00,1743.00,1818.00,1910.00,1982.00,2064.00
E07000166,E2734,Richmondshire,YES,SD,467.00,515.00,538.00,558.00,597.00,673.00,740.00,786.00,850.00,928.00,1073.00,1160.00,1206.00,1277.00,1333.00,1410.00,1449.00,1504.00,1506.00,1508.00,1403.00,1422.00,1456.00,1528.00,1612.00,1669.00,1760.00,1835.00,1864.00
E08000005,E4205,Rochdale,YES,MD,454.00,468.00,476.00,510.00,543.00,576.00,612.00,640.00,681.00,716.00,769.00,806.00,849.00,890.00,927.00,967.00,998.00,1034.00,1034.00,1029.00,871.00,863.00,864.00,915.00,969.00,1027.00,1109.00,1166.00,1191.00
-,E2238,Rochester upon Medway,NO,SD,393.00,351.00,344.00,408.00,428.00,-,-,-,-,-,-,-,-,-,-,-,-,-,-,-,-,-,-, - ,-,-,-,-,-
E07000075,E1540,Rochford,YES,SD,461.00,493.00,518.00,561.00,609.00,693.00,741.00,790.00,844.00,924.00,1074.00,1141.00,1177.00,1234.00,1288.00,1353.00,1376.00,1409.00,1410.00,1425.00,1297.00,1316.00,1351.00,1406.00,1456.00,1539.00,1615.00,1682.00,1707.00
E07000125,E2341,Rossendale,YES,SD,476.00,519.00,517.00,547.00,583.00,626.00,677.00,715.00,739.00,797.00,890.00,935.00,968.00,1012.00,1070.00,1116.00,1151.00,1151.00,1150.00,1150.00,943.00,939.00,1003.00,1050.00,1095.00,-,-,1281.00,1311.00
E07000064,E1436,Rother,YES,SD,484.00,528.00,524.00,555.00,602.00,648.00,694.00,751.00,821.00,893.00,1069.00,1154.00,1208.00,1269.00,1330.00,1382.00,1430.00,1465.00,1466.00,1463.00,1308.00,1325.00,1352.00,1436.00,1513.00,1609.00,1680.00,1741.00,1783.00
E08000018,E4403,Rotherham,YES,MD,467.00,420.00,422.00,471.00,490.00,530.00,554.00,600.00,649.00,692.00,754.00,805.00,831.00,868.00,909.00,948.00,973.00,998.00,1000.00,1010.00,846.00,850.00,878.00,930.00,983.00,1052.00,1109.00,1149.00,1180.00
E07000220,E3733,Rugby,YES,SD,464.00,496.00,513.00,566.00,603.00,651.00,700.00,746.00,792.00,908.00,968.00,1030.00,1066.00,1128.00,1183.00,1249.00,1269.00,1296.00,1287.00,1306.00,1171.00,1193.00,1229.00,1281.00,1335.00,1421.00,1528.00,1609.00,1636.00
E07000212,E3636,Runnymede,YES,SD,482.00,506.00,516.00,549.00,585.00,659.00,721.00,761.00,818.00,924.00,1121.00,1182.00,1246.00,1306.00,1357.00,1425.00,1461.00,1499.00,1500.00,1537.00,1439.00,1442.00,1513.00,1608.00,1673.00,1765.00,1812.00,1890.00,1895.00
E07000176,E3038,Rushcliffe,YES,SD,509.00,569.00,600.00,610.00,642.00,739.00,819.00,865.00,916.00,1007.00,1114.00,1176.00,1229.00,1284.00,1341.00,1389.00,1431.00,1441.00,1441.00,1452.00,1361.00,1376.00,1410.00,1492.00,1573.00,1665.00,1744.00,1821.00,1874.00
E07000092,E1740,Rushmoor,YES,SD,414.00,469.00,526.00,544.00,604.00,665.00,718.00,751.00,789.00,858.00,997.00,1049.00,1103.00,1142.00,1184.00,1238.00,1268.00,1291.00,1287.00,1285.00,1159.00,1171.00,1173.00,1224.00,1279.00,1362.00,1419.00,1489.00,1556.00
-,E2439,Rutland,NO,SD,502.00,555.00,593.00,-,-,-,-,-,-,-,-,-,-,-,-,-,-,-,-,-,-,-,-, - ,-,-,-,-,-
E06000017,E2402,Rutland UA,YES,UA,502.00,555.00,593.00,616.00,784.00,855.00,929.00,1009.00,1063.00,1136.00,1203.00,1318.00,1391.00,1487.00,1548.00,1589.00,1640.00,1665.00,1659.00,1656.00,1566.00,1589.00,1592.00,1655.00,1727.00,1833.00,1930.00,1999.00,2050.00
E07000167,E2755,Ryedale,YES,SD,435.00,476.00,509.00,-,585.00,631.00,686.00,726.00,786.00,877.00,1013.00,1097.00,1142.00,1190.00,1246.00,1307.00,1346.00,1383.00,1377.00,1371.00,1249.00,1289.00,1330.00,1392.00,1453.00,1527.00,1615.00,1673.00,1689.00
E08000006,E4206,Salford,YES,MD,478.00,505.00,531.00,551.00,592.00,617.00,652.00,685.00,705.00,738.00,800.00,832.00,864.00,905.00,941.00,1002.00,1015.00,1012.00,1022.00,1027.00,805.00,806.00,836.00,896.00,954.00,1017.00,1112.00,1162.00,1153.00
E07000232,E3933,Salisbury,NO,SD,470.00,501.00,528.00,576.00,629.00,711.00,755.00,812.00,875.00,956.00,1054.00,1122.00,1182.00,1239.00,1287.00,1350.00,-,-,-,-,-,-,-, - ,-,-,-,-,-
E08000028,E4604,Sandwell,YES,MD,394.00,420.00,438.00,461.00,505.00,542.00,581.00,612.00,656.00,700.00,746.00,769.00,807.00,839.00,866.00,891.00,903.00,914.00,916.00,912.00,695.00,698.00,709.00,751.00,799.00,849.00,910.00,945.00,978.00
E07000168,E2736,Scarborough,YES,SD,360.00,399.00,402.00,437.00,467.00,532.00,578.00,602.00,649.00,729.00,855.00,947.00,989.00,1036.00,1082.00,1132.00,1174.00,1199.00,1199.00,1200.00,1018.00,1032.00,1055.00,1105.00,1156.00,1214.00,1285.00,1338.00,1365.00
-,E2039,Scunthorpe,NO,SD,419.00,440.00,434.00,-,-,-,-,-,-,-,-,-,-,-,-,-,-,-,-,-,-,-,-, - ,-,-,-,-,-
E07000058,E1336,Sedgefield,NO,SD,369.00,419.00,454.00,482.00,552.00,612.00,638.00,666.00,694.00,784.00,852.00,910.00,947.00,989.00,1041.00,1086.00,-,-,-,-,-,-,-, - ,-,-,-,-,-
E07000188,E3332,Sedgemoor,YES,SD,438.00,474.00,490.00,504.00,528.00,569.00,622.00,666.00,712.00,797.00,903.00,962.00,1005.00,1044.00,1085.00,1129.00,1158.00,1171.00,1175.00,1188.00,1042.00,1039.00,1052.00,1123.00,1173.00,1250.00,1331.00,1386.00,1427.00
E08000014,E4304,Sefton,YES,MD,480.00,506.00,547.00,576.00,633.00,678.00,711.00,739.00,771.00,843.00,876.00,920.00,970.00,1012.00,1052.00,1093.00,1122.00,1153.00,1151.00,1154.00,948.00,958.00,990.00,1054.00,1113.00,1191.00,1266.00,1326.00,1353.00
E07000169,E2757,Selby,YES,SD,416.00,455.00,471.00,-,522.00,594.00,642.00,680.00,734.00,819.00,953.00,1029.00,1077.00,1123.00,1172.00,1226.00,1271.00,1306.00,1307.00,1310.00,1192.00,1203.00,1259.00,1336.00,1382.00,1444.00,1518.00,1574.00,1605.00
E07000111,E2239,Sevenoaks,YES,SD,564.00,569.00,590.00,647.00,693.00,765.00,829.00,898.00,959.00,1066.00,1203.00,1278.00,1330.00,1393.00,1456.00,1531.00,1577.00,1618.00,1617.00,1618.00,1499.00,1525.00,1563.00,1639.00,1701.00,1794.00,1911.00,1981.00,2045.00
E08000019,E4404,Sheffield,YES,MD,428.00,422.00,458.00,489.00,515.00,561.00,597.00,634.00,679.00,726.00,782.00,830.00,875.00,914.00,950.00,981.00,1006.00,1016.00,1014.00,1017.00,850.00,840.00,868.00,912.00,960.00,1032.00,1089.00,1135.00,1158.00
-,E3234,Shrewsbury & Atcham,NO,SD,424.00,453.00,469.00,491.00,521.00,588.00,638.00,678.00,722.00,803.00,920.00,976.00,1025.00,1080.00,1129.00,1180.00,-,-,-,-,-,-,-, - ,-,-,-,-,-
E06000051,E3202,Shropshire UA,YES,UA,-,-,-,-,-,-,-,-,-,-,-,-,-,-,-,-,1244.00,1264.00,1273.00,1275.00,1136.00,1131.00,1151.00,1211.00,1258.00,1340.00,1412.00,1482.00,1533.00
-,E0334,Slough,NO,SD,378.00,399.00,387.00,-,-,-,-,-,-,-,-,-,-,-,-,-,-,-,-,-,-,-,-, - ,-,-,-,-,-
E06000039,E0304,Slough UA,YES,UA,-,-,-,447.00,497.00,549.00,591.00,605.00,647.00,710.00,830.00,882.00,931.00,978.00,1037.00,1087.00,1139.00,1148.00,1153.00,1154.00,1009.00,1039.00,1061.00,1125.00,1188.00,1252.00,1316.00,1359.00,1350.00
E08000029,E4605,Solihull,YES,MD,471.00,502.00,549.00,572.00,607.00,646.00,687.00,726.00,783.00,837.00,924.00,957.00,1003.00,1049.00,1101.00,1149.00,1205.00,1233.00,1230.00,1230.00,1086.00,1089.00,1105.00,1147.00,1218.00,1282.00,1345.00,1402.00,1443.00
E07000246,E3336,Somerset West & Taunton,YES,SD,-,-,-,-,-,-,-,-,-,-,-,-,-,-,-,-,-,-,-,-,-,-,-, - ,-,-,1380.00,1424.00,1471.00
E07000003,E0234,South Bedfordshire,NO,SD,472.00,514.00,547.00,590.00,694.00,743.00,804.00,852.00,900.00,984.00,1095.00,1182.00,1233.00,1294.00,1350.00,1404.00,-,-,-,-,-,-,-, - ,-,-,-,-,-
E07000006,E0434,South Bucks,NO,SD,601.00,591.00,611.00,668.00,714.00,830.00,904.00,978.00,1034.00,1126.00,1301.00,1408.00,1467.00,1543.00,1631.00,1705.00,1781.00,1808.00,1811.00,1815.00,1711.00,1737.00,1762.00,1829.00,1929.00,2043.00,2147.00,-,-
E07000012,E0536,South Cambridgeshire,YES,SD,441.00,460.00,490.00,522.00,557.00,607.00,712.00,781.00,846.00,952.00,1041.00,1117.00,1226.00,1243.00,1307.00,1380.00,1418.00,1461.00,1471.00,1511.00,1456.00,1471.00,1512.00,1538.00,1576.00,1655.00,1762.00,1822.00,1879.00
E07000039,E1039,South Derbyshire,YES,SD,475.00,488.00,510.00,534.00,573.00,635.00,692.00,753.00,799.00,866.00,944.00,987.00,1019.00,1066.00,1113.00,1147.00,1185.00,1209.00,1224.00,1226.00,1109.00,1121.00,1160.00,1201.00,1247.00,1314.00,1380.00,1425.00,1463.00
E06000025,E0103,South Gloucestershire UA,YES,UA,-,-,-,-,580.00,607.00,667.00,736.00,774.00,875.00,953.00,1026.00,1072.00,1131.00,1185.00,1234.00,1277.00,1312.00,1309.00,1313.00,1184.00,1215.00,1230.00,1300.00,1357.00,1445.00,1517.00,1591.00,1668.00
E07000044,E1136,South Hams,YES,SD,451.00,508.00,509.00,525.00,553.00,637.00,686.00,726.00,768.00,840.00,991.00,1109.00,1159.00,1213.00,1268.00,1324.00,1370.00,1407.00,1404.00,1416.00,1319.00,1349.00,1381.00,1443.00,1513.00,1595.00,1675.00,1746.00,1805.00
-,E1836,South Herefordshire,NO,SD,460.00,497.00,520.00,550.00,581.00,-,-,-,-,-,-,-,-,-,-,-,-,-,-,-,-,-,-, - ,-,-,-,-,-
E07000140,E2535,South Holland,YES,SD,359.00,411.00,450.00,476.00,497.00,551.00,590.00,620.00,659.00,733.00,798.00,857.00,894.00,938.00,977.00,1033.00,1057.00,1083.00,1077.00,1086.00,948.00,957.00,974.00,1030.00,1072.00,1135.00,1214.00,1264.00,1295.00
E07000141,E2536,South Kesteven,YES,SD,403.00,439.00,464.00,484.00,514.00,579.00,615.00,648.00,687.00,752.00,836.00,887.00,932.00,980.00,1027.00,1092.00,1116.00,1141.00,1141.00,1145.00,1063.00,1034.00,1070.00,1115.00,1161.00,1220.00,1291.00,1347.00,1377.00
E07000031,E0936,South Lakeland,YES,SD,535.00,561.00,593.00,615.00,652.00,719.00,751.00,798.00,844.00,915.00,1034.00,1126.00,1175.00,1232.00,1291.00,1357.00,1388.00,1419.00,1421.00,1426.00,1353.00,1336.00,1368.00,1423.00,1479.00,1544.00,1624.00,1686.00,1736.00
E07000149,E2637,South Norfolk,YES,SD,430.00,448.00,482.00,505.00,536.00,616.00,678.00,730.00,782.00,864.00,992.00,1064.00,1110.00,1164.00,1210.00,1264.00,1307.00,1318.00,1323.00,1331.00,1199.00,1205.00,1220.00,1273.00,1361.00,1446.00,1503.00,1562.00,1607.00
E07000155,E2836,South Northamptonshire,NO,SD,494.00,539.00,570.00,607.00,635.00,680.00,737.00,791.00,828.00,929.00,1031.00,1088.00,1123.00,1175.00,1217.00,1277.00,1338.00,1386.00,1387.00,1394.00,1314.00,1330.00,1373.00,1435.00,1498.00,1586.00,1690.00,1764.00,-
E07000179,E3133,South Oxfordshire,YES,SD,576.00,550.00,582.00,623.00,649.00,714.00,797.00,858.00,917.00,1002.00,1149.00,1238.00,1291.00,1341.00,1391.00,1441.00,1492.00,1530.00,1534.00,1534.00,1465.00,1475.00,1510.00,1569.00,1636.00,1738.00,1817.00,1897.00,1961.00
E07000126,E2342,South Ribble,YES,SD,477.00,525.00,519.00,557.00,589.00,666.00,727.00,761.00,789.00,864.00,961.00,1014.00,1050.00,1108.00,1166.00,1201.00,1233.00,1230.00,1230.00,1234.00,1089.00,1095.00,1139.00,1178.00,1223.00,1295.00,1360.00,1414.00,1462.00
E07000186,E3235,South Shropshire,NO,SD,455.00,482.00,498.00,534.00,558.00,630.00,689.00,729.00,780.00,886.00,1015.00,1096.00,1149.00,1196.00,1248.00,1301.00,-,-,-,-,-,-,-, - ,-,-,-,-,-
E07000189,E3334,South Somerset,YES,SD,475.00,500.00,528.00,547.00,573.00,627.00,667.00,717.00,763.00,854.00,965.00,1027.00,1071.00,1130.00,1180.00,1231.00,1262.00,1273.00,1278.00,1284.00,1144.00,1150.00,1169.00,1242.00,1296.00,1373.00,1436.00,1495.00,1564.00
E07000196,E3435,South Staffordshire,YES,SD,430.00,429.00,448.00,466.00,498.00,558.00,610.00,646.00,728.00,808.00,939.00,1007.00,1055.00,1104.00,1158.00,1199.00,1231.00,1254.00,1267.00,1267.00,1132.00,1152.00,1165.00,1206.00,1268.00,1341.00,1403.00,1462.00,1538.00
E08000023,E4504,South Tyneside,YES,MD,416.00,404.00,426.00,471.00,506.00,554.00,586.00,616.00,643.00,693.00,745.00,787.00,823.00,855.00,886.00,909.00,923.00,954.00,959.00,958.00,738.00,740.00,776.00,814.00,866.00,919.00,973.00,1014.00,1045.00
-,E2132,South Wight,NO,SD,472.00,474.00,-,-,-,-,-,-,-,-,-,-,-,-,-,-,-,-,-,-,-,-,-, - ,-,-,-,-,-
-,E1741,Southampton,NO,SD,323.00,378.00,422.00,-,-,-,-,-,-,-,-,-,-,-,-,-,-,-,-,-,-,-,-, - ,-,-,-,-,-
E06000045,E1702,Southampton UA,YES,UA,-,-,-,428.00,426.00,469.00,501.00,534.00,588.00,647.00,777.00,859.00,895.00,912.00,940.00,973.00,980.00,1009.00,1012.00,1015.00,847.00,872.00,906.00,961.00,1038.00,1115.00,1152.00,1183.00,1214.00
-,E1541,Southend-on-Sea,NO,SD,384.00,415.00,423.00,-,-,-,-,-,-,-,-,-,-,-,-,-,-,-,-,-,-,-,-, - ,-,-,-,-,-
E06000033,E1501,Southend-on-Sea UA,YES,UA,-,-,-,454.00,489.00,514.00,539.00,587.00,616.00,648.00,754.00,813.00,859.00,900.00,944.00,991.00,1030.00,1064.00,1061.00,1067.00,940.00,931.00,961.00,1016.00,1080.00,1135.00,1204.00,1253.00,1295.00
E09000028,E5019,Southwark,YES,ILB,426.00,414.00,439.00,564.00,580.00,614.00,631.00,654.00,693.00,732.00,802.00,852.00,882.00,912.00,944.00,974.00,977.00,984.00,991.00,989.00,797.00,806.00,831.00,853.00,924.00,1006.00,1056.00,1110.00,1167.00
E07000213,E3637,Spelthorne,YES,SD,531.00,546.00,547.00,599.00,639.00,718.00,774.00,813.00,848.00,943.00,1117.00,1183.00,1236.00,1292.00,1357.00,1429.00,1471.00,1508.00,1503.00,1549.00,1412.00,1422.00,1499.00,1557.00,1636.00,1736.00,1814.00,1878.00,1866.00
E07000240,E1936,St Albans,YES,SD,544.00,563.00,585.00,635.00,680.00,757.00,828.00,877.00,929.00,1027.00,1197.00,1272.00,1345.00,1407.00,1475.00,1543.00,1593.00,1597.00,1595.00,1598.00,1508.00,1490.00,1515.00,1587.00,1655.00,1758.00,1827.00,1907.00,1938.00
E07000204,E3535,St Edmundsbury,NO,SD,412.00,460.00,475.00,504.00,538.00,585.00,633.00,681.00,732.00,828.00,984.00,1040.00,1072.00,1125.00,1185.00,1233.00,1253.00,1280.00,1284.00,1293.00,1165.00,1155.00,1163.00,1200.00,1243.00,1309.00,-,-,-
E08000013,E4303,St Helens,YES,MD,438.00,471.00,538.00,566.00,645.00,687.00,702.00,734.00,772.00,799.00,825.00,854.00,881.00,910.00,936.00,956.00,979.00,988.00,988.00,1008.00,827.00,841.00,872.00,918.00,973.00,1041.00,1107.00,1163.00,1206.00
E07000197,E3436,Stafford,YES,SD,431.00,461.00,457.00,494.00,536.00,596.00,645.00,684.00,746.00,801.00,920.00,984.00,1026.00,1076.00,1130.00,1173.00,1201.00,1210.00,1210.00,1215.00,1129.00,1112.00,1142.00,1183.00,1242.00,1325.00,1384.00,1440.00,1490.00
E07000198,E3437,Staffordshire Moorlands,YES,SD,456.00,467.00,475.00,482.00,531.00,593.00,640.00,676.00,732.00,785.00,896.00,959.00,1001.00,1060.00,1110.00,1148.00,1177.00,1198.00,1197.00,1198.00,1091.00,1086.00,1107.00,1148.00,1202.00,1270.00,1330.00,1381.00,1446.00
E07000243,E1937,Stevenage,YES,SD,488.00,487.00,496.00,522.00,545.00,581.00,625.00,661.00,706.00,778.00,909.00,962.00,1009.00,1053.00,1105.00,1173.00,1210.00,1207.00,1208.00,1203.00,1013.00,1012.00,1038.00,1096.00,1170.00,1240.00,1303.00,1366.00,1415.00
E08000007,E4207,Stockport,YES,MD,531.00,570.00,630.00,660.00,688.00,715.00,752.00,782.00,837.00,887.00,946.00,988.00,1026.00,1073.00,1123.00,1174.00,1223.00,1267.00,1266.00,1265.00,1141.00,1141.00,1150.00,1204.00,1283.00,1359.00,1434.00,1492.00,1532.00
-,E0734,Stockton-on-Tees,NO,SD,445.00,473.00,496.00,-,-,-,-,-,-,-,-,-,-,-,-,-,-,-,-,-,-,-,-, - ,-,-,-,-,-
E06000004,E0704,Stockton-on-Tees UA,YES,UA,445.00,473.00,496.00,541.00,578.00,580.00,616.00,654.00,690.00,737.00,790.00,850.00,886.00,930.00,972.00,1022.00,1067.00,1091.00,1095.00,1133.00,961.00,996.00,1026.00,1081.00,1141.00,1218.00,1271.00,1331.00,1372.00
-,E3438,Stoke-on-Trent,NO,SD,348.00,377.00,401.00,423.00,-,-,-,-,-,-,-,-,-,-,-,-,-,-,-,-,-,-,-, - ,-,-,-,-,-
E06000021,E3401,Stoke-on-Trent UA,YES,UA,-,-,-,-,422.00,462.00,489.00,511.00,552.00,595.00,666.00,708.00,750.00,793.00,833.00,858.00,894.00,920.00,918.00,946.00,746.00,742.00,754.00,764.00,808.00,856.00,909.00,962.00,958.00
E07000221,E3734,Stratford-on-Avon,YES,SD,560.00,588.00,601.00,637.00,674.00,726.00,787.00,836.00,879.00,982.00,1099.00,1175.00,1234.00,1292.00,1344.00,1411.00,1453.00,1487.00,1490.00,1495.00,1367.00,1396.00,1429.00,1505.00,1581.00,1687.00,1789.00,1843.00,1881.00
E07000082,E1635,Stroud,YES,SD,517.00,563.00,554.00,582.00,617.00,673.00,736.00,796.00,840.00,916.00,1050.00,1111.00,1155.00,1201.00,1245.00,1301.00,1335.00,1366.00,1368.00,1371.00,1264.00,1261.00,1264.00,1321.00,1374.00,1454.00,1550.00,1621.00,1695.00
E07000205,E3536,Suffolk Coastal,NO,SD,417.00,467.00,499.00,530.00,556.00,604.00,652.00,701.00,747.00,834.00,987.00,1054.00,1091.00,1141.00,1197.00,1244.00,1278.00,1311.00,1312.00,1317.00,1219.00,1202.00,1215.00,1264.00,1308.00,1381.00,-,-,-
E08000024,E4505,Sunderland,YES,MD,387.00,353.00,386.00,426.00,459.00,498.00,538.00,564.00,599.00,647.00,696.00,730.00,765.00,801.00,828.00,858.00,884.00,896.00,896.00,904.00,714.00,707.00,723.00,765.00,819.00,864.00,908.00,949.00,976.00
E07000214,E3638,Surrey Heath,YES,SD,583.00,612.00,632.00,667.00,702.00,801.00,850.00,901.00,955.00,1083.00,1292.00,1351.00,1410.00,1479.00,1533.00,1605.00,1645.00,1677.00,1664.00,1723.00,1670.00,1699.00,1745.00,1810.00,1895.00,1994.00,2091.00,2163.00,2217.00
E09000029,E5048,Sutton,YES,OLB,487.00,510.00,540.00,563.00,597.00,663.00,705.00,749.00,818.00,896.00,1030.00,1106.00,1163.00,1235.00,1303.00,1346.00,1371.00,1370.00,1370.00,1366.00,1197.00,1200.00,1267.00,1301.00,1357.00,1422.00,1506.00,1557.00,1605.00
E07000113,E2241,Swale,YES,SD,400.00,413.00,427.00,462.00,502.00,559.00,607.00,656.00,712.00,786.00,886.00,945.00,1013.00,1072.00,1122.00,1162.00,1152.00,1180.00,1183.00,1186.00,1006.00,1020.00,1058.00,1114.00,1183.00,1264.00,1350.00,1416.00,1472.00
E06000030,E3901,Swindon UA,YES,UA,-,-,-,-,486.00,512.00,559.00,596.00,642.00,735.00,861.00,918.00,951.00,1023.00,1063.00,1090.00,-,1137.00,1140.00,1149.00,1019.00,1017.00,1033.00,1097.00,1218.00,1290.00,1365.00,1433.00,1504.00
E08000008,E4208,Tameside,YES,MD,465.00,476.00,490.00,523.00,564.00,594.00,619.00,647.00,678.00,703.00,747.00,774.00,812.00,837.00,864.00,891.00,919.00,939.00,936.00,941.00,810.00,802.00,832.00,872.00,939.00,1005.00,1080.00,1140.00,1165.00
E07000199,E3439,Tamworth,YES,SD,372.00,400.00,420.00,433.00,459.00,511.00,562.00,590.00,643.00,690.00,790.00,850.00,893.00,934.00,981.00,1016.00,1045.00,1067.00,1062.00,1062.00,916.00,917.00,942.00,983.00,1031.00,1104.00,1156.00,1222.00,1263.00
E07000215,E3639,Tandridge,YES,SD,615.00,620.00,631.00,674.00,714.00,800.00,867.00,914.00,961.00,1074.00,1281.00,1348.00,1403.00,1472.00,1535.00,1612.00,1659.00,1694.00,1696.00,1739.00,1658.00,1674.00,1716.00,1781.00,1872.00,1983.00,2062.00,2146.00,2192.00
E07000190,E3333,Taunton Deane,NO,SD,408.00,440.00,465.00,518.00,544.00,604.00,648.00,689.00,733.00,823.00,935.00,1001.00,1038.00,1091.00,1137.00,1187.00,1214.00,1215.00,1204.00,1218.00,1095.00,1083.00,1092.00,1152.00,1222.00,1294.00,-,-,-
E07000059,E1337,Teesdale,NO,SD,462.00,454.00,502.00,519.00,576.00,637.00,666.00,701.00,733.00,835.00,915.00,983.00,1034.00,1074.00,1133.00,1165.00,-,-,-,-,-,-,-, - ,-,-,-,-,-
E07000045,E1137,Teignbridge,YES,SD,477.00,501.00,480.00,500.00,538.00,623.00,670.00,713.00,766.00,845.00,1001.00,1066.00,1110.00,1168.00,1224.00,1285.00,1324.00,1360.00,1359.00,1362.00,1203.00,1216.00,1253.00,1319.00,1386.00,1467.00,1542.00,1607.00,1636.00
E06000020,E3201,Telford & Wrekin UA,YES,UA,-,-,-,-,-,517.00,567.00,602.00,680.00,749.00,795.00,874.00,914.00,959.00,992.00,1036.00,-,1086.00,1086.00,1111.00,941.00,953.00,963.00,1018.00,1065.00,1103.00,1154.00,1210.00,1271.00
E07000076,E1542,Tendring,YES,SD,399.00,408.00,433.00,456.00,483.00,555.00,591.00,635.00,681.00,747.00,862.00,915.00,959.00,1009.00,1054.00,1101.00,1127.00,1146.00,1143.00,1147.00,946.00,953.00,968.00,1015.00,1062.00,1127.00,1196.00,1253.00,1268.00
E07000093,E1742,Test Valley,YES,SD,427.00,497.00,541.00,566.00,631.00,697.00,749.00,790.00,830.00,905.00,1042.00,1099.00,1131.00,1182.00,1245.00,1298.00,1328.00,1359.00,1359.00,1361.00,1268.00,1272.00,1290.00,1349.00,1412.00,1491.00,1558.00,1624.00,1691.00
E07000083,E1636,Tewkesbury,YES,SD,370.00,409.00,440.00,470.00,517.00,586.00,656.00,725.00,775.00,858.00,992.00,1043.00,1094.00,1137.00,1178.00,1237.00,1272.00,1302.00,1295.00,1298.00,1196.00,1195.00,1210.00,1265.00,1317.00,1404.00,1488.00,1544.00,1597.00
-,E3934,Thamesdown,NO,SD,432.00,464.00,477.00,487.00,-,-,-,-,-,-,-,-,-,-,-,-,-,-,-,-,-,-,-, - ,-,-,-,-,-
E07000114,E2242,Thanet,YES,SD,389.00,436.00,457.00,478.00,492.00,540.00,582.00,632.00,666.00,738.00,827.00,899.00,929.00,982.00,1030.00,1068.00,1095.00,1118.00,1115.00,1114.00,894.00,916.00,948.00,995.00,1064.00,1138.00,1222.00,1289.00,1334.00
-,E3236,The Wrekin,NO,SD,460.00,471.00,483.00,494.00,520.00,-,-,-,-,-,-,-,-,-,-,-,-,-,-,-,-,-,-, - ,-,-,-,-,-
E07000102,E1938,Three Rivers,YES,SD,616.00,605.00,626.00,672.00,710.00,785.00,847.00,901.00,951.00,1044.00,1227.00,1292.00,1354.00,1421.00,1493.00,1550.00,1598.00,1598.00,1594.00,1600.00,1482.00,1479.00,1513.00,1570.00,1652.00,1774.00,1874.00,1935.00,1990.00
-,E1543,Thurrock,NO,SD,429.00,439.00,451.00,493.00,525.00,-,-,-,-,-,-,-,-,-,-,-,-,-,-,-,-,-,-, - ,-,-,-,-,-
E06000034,E1502,Thurrock UA,YES,UA,-,-,-,-,-,521.00,554.00,590.00,634.00,695.00,831.00,875.00,912.00,956.00,989.00,1016.00,1051.00,1078.00,1078.00,1083.00,962.00,965.00,992.00,1044.00,1111.00,1167.00,1190.00,1236.00,1259.00
E07000115,E2243,Tonbridge & Malling,YES,SD,511.00,535.00,568.00,603.00,636.00,710.00,765.00,823.00,879.00,976.00,1108.00,1182.00,1228.00,1289.00,1355.00,1413.00,1449.00,1485.00,1483.00,1482.00,1351.00,1374.00,1421.00,1482.00,1559.00,1641.00,1739.00,1808.00,1885.00
-,E1138,Torbay,NO,SD,399.00,427.00,425.00,437.00,462.00,-,-,-,-,-,-,-,-,-,-,-,-,-,-,-,-,-,-, - ,-,-,-,-,-
E06000027,E1102,Torbay UA,YES,UA,-,-,-,-,-,496.00,581.00,613.00,661.00,741.00,828.00,921.00,970.00,1011.00,1060.00,1107.00,1140.00,1170.00,1170.00,1170.00,993.00,980.00,995.00,1043.00,1102.00,1183.00,1248.00,1303.00,1344.00
E07000046,E1139,Torridge,YES,SD,412.00,412.00,401.00,424.00,473.00,551.00,599.00,639.00,680.00,743.00,888.00,971.00,1014.00,1069.00,1128.00,1176.00,1215.00,1237.00,1247.00,1254.00,1115.00,1123.00,1157.00,1212.00,1285.00,1346.00,1417.00,1497.00,1543.00
E09000030,E5020,Tower Hamlets,YES,ILB,402.00,404.00,425.00,479.00,494.00,514.00,533.00,582.00,639.00,669.00,787.00,843.00,882.00,918.00,967.00,999.00,1004.00,1023.00,1036.00,1034.00,787.00,803.00,822.00,867.00,934.00,1001.00,1063.00,1113.00,1156.00
E08000009,E4209,Trafford,YES,MD,430.00,451.00,463.00,482.00,511.00,544.00,571.00,597.00,640.00,684.00,778.00,840.00,886.00,937.00,979.00,1029.00,1078.00,1100.00,1101.00,1104.00,985.00,989.00,997.00,1030.00,1088.00,1159.00,1229.00,1285.00,1315.00
E07000116,E2244,Tunbridge Wells,YES,SD,500.00,516.00,544.00,575.00,613.00,674.00,734.00,789.00,833.00,913.00,1032.00,1102.00,1159.00,1219.00,1280.00,1326.00,1368.00,1390.00,1398.00,1410.00,1300.00,1331.00,1377.00,1435.00,1509.00,1600.00,1699.00,1771.00,1805.00
E07000161,E2935,Tynedale,NO,SD,528.00,490.00,541.00,571.00,618.00,704.00,763.00,810.00,856.00,916.00,1028.00,1081.00,1143.00,1164.00,1186.00,1206.00,-,-,-,-,-,-,-, - ,-,-,-,-,-
E07000077,E1544,Uttlesford,YES,SD,528.00,562.00,580.00,619.00,671.00,770.00,822.00,883.00,945.00,1038.00,1203.00,1280.00,1328.00,1400.00,1453.00,1517.00,1558.00,1592.00,1586.00,1591.00,1491.00,1494.00,1502.00,1582.00,1637.00,1735.00,1842.00,1909.00,1912.00
E07000018,E0637,Vale Royal,NO,SD,528.00,547.00,618.00,602.00,631.00,740.00,773.00,821.00,871.00,920.00,1006.00,1058.00,1094.00,1144.00,1195.00,1253.00,-,-,-,-,-,-,-, - ,-,-,-,-,-
E07000180,E3134,Vale of White Horse,YES,SD,499.00,500.00,493.00,584.00,621.00,683.00,761.00,826.00,889.00,977.00,1125.00,1212.00,1256.00,1322.00,1363.00,1403.00,1451.00,1493.00,1492.00,1495.00,1418.00,1438.00,1478.00,1530.00,1608.00,1707.00,1782.00,1856.00,1914.00
E08000036,E4705,Wakefield,YES,MD,438.00,377.00,385.00,409.00,449.00,511.00,533.00,562.00,588.00,631.00,714.00,741.00,775.00,805.00,839.00,879.00,904.00,925.00,932.00,931.00,830.00,834.00,866.00,910.00,958.00,1032.00,1096.00,1146.00,1174.00
E08000030,E4606,Walsall,YES,MD,416.00,389.00,384.00,417.00,468.00,532.00,576.00,615.00,662.00,722.00,862.00,891.00,929.00,957.00,1000.00,1027.00,1081.00,1122.00,1124.00,1117.00,876.00,874.00,937.00,1003.00,1067.00,1127.00,1196.00,1255.00,1303.00
E09000031,E5049,Waltham Forest,YES,OLB,446.00,451.00,520.00,586.00,655.00,643.00,664.00,693.00,733.00,775.00,931.00,993.00,1039.00,1103.00,1134.00,1160.00,1177.00,1162.00,1160.00,1170.00,929.00,962.00,998.00,1056.00,1116.00,1181.00,1250.00,1307.00,1359.00
E09000032,E5021,Wandsworth,YES,ILB,395.00,324.00,408.00,408.00,388.00,294.00,342.00,367.00,417.00,369.00,536.00,553.00,571.00,606.00,641.00,647.00,652.00,658.00,663.00,663.00,597.00,598.00,607.00,622.00,645.00,669.00,719.00,750.00,789.00
E07000162,E2936,Wansbeck,NO,SD,444.00,385.00,404.00,443.00,481.00,525.00,569.00,595.00,638.00,698.00,779.00,820.00,861.00,879.00,897.00,911.00,-,-,-,-,-,-,-, - ,-,-,-,-,-
-,E0135,Wansdyke,NO,SD,557.00,596.00,619.00,-,-,-,-,-,-,-,-,-,-,-,-,-,-,-,-,-,-,-,-, - ,-,-,-,-,-
-,E0638,Warrington,NO,SD,456.00,482.00,513.00,555.00,580.00,-,-,-,-,-,-,-,-,-,-,-,-,-,-,-,-,-,-, - ,-,-,-,-,-
E06000007,E0602,Warrington UA,YES,UA,-,-,-,-,-,565.00,596.00,633.00,671.00,727.00,811.00,856.00,899.00,939.00,985.00,1056.00,1081.00,1110.00,1111.00,1115.00,987.00,1001.00,1043.00,1090.00,1155.00,1235.00,1292.00,1351.00,1425.00
E07000222,E3735,Warwick,YES,SD,526.00,546.00,562.00,596.00,638.00,695.00,749.00,786.00,844.00,949.00,1029.00,1093.00,1125.00,1178.00,1235.00,1297.00,1342.00,1373.00,1386.00,1398.00,1263.00,1304.00,1346.00,1411.00,1478.00,1551.00,1665.00,1724.00,1754.00
E07000103,E1939,Watford,YES,SD,515.00,560.00,572.00,609.00,639.00,702.00,760.00,797.00,849.00,930.00,1074.00,1131.00,1180.00,1232.00,1288.00,1343.00,1386.00,1388.00,1390.00,1382.00,1214.00,1214.00,1249.00,1299.00,1375.00,1457.00,1521.00,1594.00,1615.00
E07000206,E3537,Waveney,NO,SD,358.00,406.00,427.00,437.00,456.00,495.00,536.00,578.00,618.00,693.00,828.00,885.00,908.00,956.00,998.00,1035.00,1062.00,1086.00,1087.00,1091.00,928.00,915.00,928.00,964.00,1024.00,1090.00,-,-,-
E07000216,E3640,Waverley,YES,SD,586.00,603.00,619.00,661.00,700.00,796.00,860.00,909.00,949.00,1061.00,1259.00,1316.00,1374.00,1444.00,1504.00,1582.00,1629.00,1669.00,1669.00,1713.00,1639.00,1651.00,1698.00,1778.00,1851.00,1957.00,2040.00,2130.00,2172.00
E07000065,E1437,Wealden,YES,SD,536.00,595.00,595.00,643.00,699.00,757.00,818.00,879.00,955.00,1019.00,1207.00,1291.00,1345.00,1409.00,1475.00,1537.00,1587.00,1631.00,1635.00,1638.00,1513.00,1529.00,1570.00,1656.00,1723.00,1830.00,1923.00,2002.00,2071.00
E07000060,E1338,Wear Valley,NO,SD,417.00,394.00,446.00,474.00,526.00,556.00,575.00,603.00,629.00,718.00,778.00,832.00,874.00,913.00,974.00,1010.00,-,-,-,-,-,-,-, - ,-,-,-,-,-
E07000156,E2837,Wellingborough,NO,SD,182.00,224.00,239.00,379.00,444.00,472.00,512.00,560.00,606.00,716.00,783.00,835.00,862.00,900.00,941.00,984.00,1018.00,1045.00,1037.00,1040.00,903.00,922.00,988.00,1027.00,1078.00,1160.00,1248.00,1304.00,-
E07000241,E1940,Welwyn Hatfield,YES,SD,584.00,537.00,558.00,584.00,616.00,687.00,748.00,796.00,841.00,924.00,1090.00,1158.00,1212.00,1269.00,1331.00,1384.00,1427.00,1428.00,1432.00,1436.00,1276.00,1260.00,1306.00,1354.00,1436.00,1540.00,1614.00,1686.00,1768.00
E06000037,E0302,West Berkshire UA,YES,UA,-,-,-,-,-,820.00,816.00,869.00,925.00,1009.00,1125.00,1226.00,1270.00,1304.00,1367.00,1436.00,-,1513.00,1521.00,1519.00,1441.00,1443.00,1474.00,1525.00,1619.00,1724.00,1781.00,1848.00,1884.00
E07000047,E1140,West Devon,YES,SD,474.00,522.00,520.00,529.00,554.00,646.00,690.00,757.00,781.00,870.00,1035.00,1118.00,1157.00,1214.00,1285.00,1342.00,1373.00,1403.00,1402.00,1412.00,1270.00,1292.00,1326.00,1380.00,1443.00,1517.00,1588.00,1654.00,1717.00
E07000052,E1237,West Dorset,NO,SD,439.00,484.00,499.00,528.00,632.00,686.00,742.00,777.00,820.00,904.00,1045.00,1135.00,1189.00,1246.00,1308.00,1367.00,1413.00,1456.00,1454.00,1454.00,1346.00,1361.00,1389.00,1448.00,1515.00,1606.00,-,-,-
E07000127,E2343,West Lancashire,YES,SD,492.00,525.00,545.00,581.00,613.00,690.00,747.00,795.00,834.00,904.00,989.00,1033.00,1065.00,1107.00,1169.00,1211.00,1239.00,1242.00,1241.00,1248.00,1070.00,1081.00,1111.00,1159.00,1203.00,1282.00,1354.00,1421.00,1497.00
E07000142,E2537,West Lindsey,YES,SD,415.00,430.00,462.00,499.00,528.00,587.00,629.00,665.00,700.00,764.00,845.00,895.00,947.00,998.00,1045.00,1114.00,1132.00,1153.00,1151.00,1155.00,1038.00,1020.00,1051.00,1101.00,1138.00,1195.00,1266.00,1317.00,1341.00
E06000062,E2802,West Northamptonshire,YES,UA,-,-,-,-,-,-,-,-,-,-,-,-,-,-,-,-,-,-,-,-,-,-,-,-,-,-,-,-,1563.00
E07000181,E3135,West Oxfordshire,YES,SD,469.00,486.00,520.00,548.00,588.00,649.00,720.00,781.00,833.00,911.00,1063.00,1154.00,1199.00,1260.00,1321.00,1370.00,1395.00,1420.00,1420.00,1419.00,1358.00,1385.00,1428.00,1487.00,1583.00,1668.00,1744.00,1820.00,1870.00
E07000191,E3335,West Somerset,NO,SD,432.00,497.00,512.00,537.00,557.00,607.00,651.00,698.00,742.00,828.00,932.00,1019.00,1054.00,1106.00,1156.00,1202.00,1240.00,1255.00,1258.00,1262.00,1100.00,1123.00,1137.00,1191.00,1256.00,1338.00,-,-,-
E07000245,E3539,West Suffolk,YES,SD,-,-,-,-,-,-,-,-,-,-,-,-,-,-,-,-,-,-,-,-,-,-,-, - ,-,-,1319.00,1387.00,1409.00
E07000233,E3935,West Wiltshire,NO,SD,462.00,498.00,511.00,516.00,565.00,639.00,684.00,750.00,813.00,889.00,989.00,1060.00,1103.00,1175.00,1225.00,1277.00,-,-,-,-,-,-,-, - ,-,-,-,-,-
E09000033,E5022,Westminster,YES,ILB,314.00,255.00,282.00,300.00,310.00,337.00,365.00,392.00,428.00,468.00,598.00,673.00,693.00,750.00,773.00,782.00,783.00,778.00,776.00,777.00,692.00,692.00,693.00,699.00,724.00,751.00,803.00,845.00,892.00
E07000053,E1238,Weymouth & Portland,NO,SD,419.00,436.00,446.00,457.00,551.00,605.00,652.00,692.00,723.00,793.00,954.00,1028.00,1072.00,1120.00,1177.00,1215.00,1252.00,1288.00,1280.00,1277.00,1122.00,1128.00,1156.00,1201.00,1253.00,1329.00,-,-,-
E08000010,E4210,Wigan,YES,MD,457.00,411.00,440.00,497.00,530.00,558.00,602.00,641.00,693.00,731.00,784.00,812.00,852.00,885.00,919.00,943.00,956.00,973.00,973.00,971.00,843.00,845.00,855.00,878.00,919.00,966.00,991.00,1034.00,1068.00
E06000054,E3902,Wiltshire UA,YES,UA,-,-,-,-,-,-,-,-,-,-,-,-,-,-,-,-,1394.00,1425.00,1424.00,1427.00,1289.00,1288.00,1306.00,1391.00,1450.00,1568.00,1650.00,1719.00,1785.00
E07000094,E1743,Winchester,YES,SD,467.00,514.00,597.00,618.00,690.00,747.00,804.00,846.00,891.00,976.00,1120.00,1187.00,1235.00,1292.00,1353.00,1414.00,1440.00,1476.00,1473.00,1470.00,1377.00,1366.00,1381.00,1437.00,1514.00,1609.00,1677.00,1743.00,1837.00
-,E0335,Windsor & Maidenhead,NO,SD,535.00,587.00,598.00,654.00,695.00,-,-,-,-,-,-,-,-,-,-,-,-,-,-,-,-,-,-, - ,-,-,-,-,-
E06000040,E0305,Windsor & Maidenhead UA,YES,UA,-,-,-,-,-,783.00,820.00,858.00,947.00,977.00,1068.00,1179.00,1225.00,1291.00,1346.00,1386.00,1414.00,1346.00,1342.00,1343.00,1239.00,1215.00,1222.00,1264.00,1315.00,1389.00,1459.00,1510.00,1593.00
E08000015,E4305,Wirral,YES,MD,500.00,506.00,552.00,586.00,636.00,679.00,726.00,765.00,800.00,799.00,855.00,874.00,914.00,957.00,990.00,1018.00,1062.00,1085.00,1084.00,1100.00,919.00,916.00,933.00,976.00,1027.00,1096.00,1166.00,1214.00,1276.00
E07000217,E3641,Woking,YES,SD,537.00,541.00,558.00,595.00,651.00,734.00,820.00,871.00,914.00,1013.00,1195.00,1254.00,1304.00,1365.00,1427.00,1500.00,1539.00,1578.00,1567.00,1612.00,1541.00,1533.00,1583.00,1650.00,1731.00,1834.00,1910.00,1988.00,1987.00
-,E0336,Wokingham,NO,SD,586.00,616.00,616.00,677.00,721.00,-,-,-,-,-,-,-,-,-,-,-,-,-,-,-,-,-,-, - ,-,-,-,-,-
E06000041,E0306,Wokingham UA,YES,UA,-,-,-,-,-,895.00,900.00,968.00,1037.00,1104.00,1235.00,1299.00,1325.00,1381.00,1425.00,1482.00,1545.00,1576.00,1577.00,1579.00,1544.00,1574.00,1583.00,1647.00,1737.00,1839.00,1918.00,1995.00,2093.00
E08000031,E4607,Wolverhampton,YES,MD,380.00,382.00,431.00,506.00,602.00,634.00,660.00,692.00,724.00,761.00,795.00,826.00,860.00,905.00,945.00,1004.00,1027.00,1028.00,1024.00,1026.00,801.00,818.00,861.00,910.00,957.00,1015.00,1091.00,1145.00,1175.00
-,E0136,Woodspring,NO,SD,515.00,549.00,578.00,-,-,-,-,-,-,-,-,-,-,-,-,-,-,-,-,-,-,-,-, - ,-,-,-,-,-
E07000237,E1837,Worcester,YES,SD,413.00,434.00,441.00,461.00,487.00,527.00,580.00,635.00,693.00,763.00,852.00,921.00,954.00,1001.00,1048.00,1089.00,1121.00,1157.00,1156.00,1156.00,1005.00,1029.00,1057.00,1104.00,1131.00,1189.00,1251.00,1305.00,1334.00
E07000229,E3837,Worthing,YES,SD,432.00,456.00,474.00,505.00,543.00,588.00,629.00,667.00,708.00,778.00,928.00,995.00,1045.00,1098.00,1158.00,1209.00,1243.00,1280.00,1269.00,1287.00,1144.00,1124.00,1157.00,1215.00,1264.00,1338.00,1411.00,1480.00,1535.00
E07000238,E1838,Wychavon,YES,SD,457.00,507.00,449.00,548.00,573.00,629.00,687.00,755.00,832.00,905.00,1007.00,1093.00,1137.00,1184.00,1238.00,1292.00,1328.00,1362.00,1367.00,1365.00,1234.00,1276.00,1308.00,1369.00,1424.00,1485.00,1549.00,1619.00,1637.00
E07000007,E0435,Wycombe,NO,SD,594.00,572.00,598.00,624.00,668.00,731.00,799.00,854.00,904.00,979.00,1128.00,1198.00,1242.00,1304.00,1368.00,1428.00,1479.00,1506.00,1504.00,1505.00,1376.00,1396.00,1429.00,1488.00,1555.00,1654.00,1726.00,-,-
E07000128,E2344,Wyre,YES,SD,485.00,527.00,530.00,565.00,601.00,675.00,730.00,768.00,797.00,861.00,943.00,999.00,1034.00,1084.00,1143.00,1185.00,1213.00,1223.00,1225.00,1223.00,1039.00,1044.00,1070.00,1123.00,1171.00,1245.00,1316.00,1373.00,1410.00
E07000239,E1839,Wyre Forest,YES,SD,450.00,442.00,458.00,484.00,511.00,558.00,612.00,670.00,727.00,809.00,903.00,981.00,1013.00,1057.00,1104.00,1150.00,1185.00,1214.00,1217.00,1227.00,1039.00,1065.00,1109.00,1173.00,1202.00,1265.00,1330.00,1383.00,1418.00
-,E2738,York,NO,SD,376.00,407.00,428.00,-,-,-,-,-,-,-,-,-,-,-,-,-,-,-,-,-,-,-,-, - ,-,-,-,-,-
E06000014,E2701,York UA,YES,UA,-,-,-,767.00,484.00,541.00,562.00,607.00,646.00,712.00,801.00,887.00,927.00,971.00,1012.00,1066.00,1098.00,1131.00,1137.00,1165.00,1067.00,1089.00,1104.00,1160.00,1214.00,1267.00,1327.00,1380.00,1431.00
