Code,Location,2019,2020,2021,2022,2023,2024,2025,2026,2027,2028,2029
E92000001,,23926.540000000001,24150.074000000001,24371.273000000001,24586.023000000001,24799.503000000001,25014.659,25227.877,25446.168000000001,25661.288,25873.726999999999,26083.312999999998
,,,,,,,,,,,,
E06000047,County Durham UA,233.93000000000001,235.31800000000001,236.69300000000001,237.92599999999999,239.14400000000001,240.363,241.59200000000001,242.90799999999999,244.14099999999999,245.33799999999999,246.44200000000001
E06000005,Darlington UA,47.808,47.984000000000002,48.167999999999999,48.338999999999999,48.478999999999999,48.634,48.783000000000001,48.944000000000003,49.100000000000001,49.250999999999998,49.393000000000001
E06000001,Hartlepool UA,42.545000000000002,42.784999999999997,43.006,43.197000000000003,43.353999999999999,43.503999999999998,43.673999999999999,43.860999999999997,44.027999999999999,44.180999999999997,44.335000000000001
E06000002,Middlesbrough UA,59.154000000000003,59.387,59.640999999999998,59.857999999999997,60.067,60.286999999999999,60.517000000000003,60.789999999999999,61.037999999999997,61.292000000000002,61.530999999999999
E06000057,Northumberland UA,143.52099999999999,144.19999999999999,144.86000000000001,145.46799999999999,146.03299999999999,146.59899999999999,147.19,147.774,148.303,148.839,149.33000000000001
E06000003,Redcar and Cleveland UA,60.869,61.009,61.155000000000001,61.301000000000002,61.399000000000001,61.506,61.588000000000001,61.691000000000003,61.747,61.783999999999999,61.817999999999998
E06000004,Stockton-on-Tees UA,83.706000000000003,84.239999999999995,84.730000000000004,85.215000000000003,85.668000000000006,86.108999999999995,86.546000000000006,86.992999999999995,87.441000000000003,87.876999999999995,88.274000000000001
,,,,,,,,,,,,
E11000004,Tyne and Wear (Met County),510.13900000000001,513.21000000000004,516.29899999999998,519.15600000000006,521.95600000000002,524.74900000000002,527.58600000000001,530.66499999999996,533.65599999999995,536.58500000000004,539.38400000000001
E08000037,,92.088999999999999,92.537999999999997,93.024000000000001,93.468999999999994,93.882000000000005,94.275999999999996,94.665000000000006,95.088999999999999,95.494,95.864999999999995,96.239000000000004
E08000021,,127.152,128.107,129.001,129.82300000000001,130.65000000000001,131.523,132.453,133.48599999999999,134.49799999999999,135.51900000000001,136.483
E08000022,,96.691999999999993,97.427999999999997,98.188999999999993,98.903999999999996,99.631,100.33499999999999,101.045,101.792,102.48999999999999,103.199,103.866
E08000023,,69.768000000000001,70.096000000000004,70.438000000000002,70.754000000000005,71.073999999999998,71.379000000000005,71.677999999999997,72.001000000000005,72.311999999999998,72.629999999999995,72.918000000000006
E08000024,,124.438,125.041,125.64700000000001,126.206,126.71899999999999,127.236,127.745,128.297,128.86199999999999,129.37200000000001,129.87799999999999
,,,,,,,,,,,,
E06000008,Blackburn with Darwen UA,57.959000000000003,58.121000000000002,58.256,58.417999999999999,58.567,58.715000000000003,58.875,59.015999999999998,59.182000000000002,59.332000000000001,59.469999999999999
E06000009,Blackpool UA,64.085999999999999,64.165000000000006,64.242999999999995,64.340000000000003,64.426000000000002,64.533000000000001,64.647999999999996,64.760000000000005,64.897999999999996,65.037000000000006,65.185000000000002
E06000049,Cheshire East UA,167.78700000000001,168.78100000000001,169.727,170.62,171.511,172.37100000000001,173.214,174.083,174.94900000000001,175.78399999999999,176.583
E06000050,Cheshire West and Chester UA,146.31100000000001,146.93000000000001,147.518,148.072,148.608,149.107,149.59700000000001,150.09299999999999,150.553,151.011,151.43700000000001
E06000006,Halton UA,55.728000000000002,56.012999999999998,56.296999999999997,56.549999999999997,56.783000000000001,57.027999999999999,57.264000000000003,57.5,57.722000000000001,57.939,58.140000000000001
E06000007,Warrington UA,92.400000000000006,93.233000000000004,94.061999999999998,94.885999999999996,95.641999999999996,96.402000000000001,97.116,97.834999999999994,98.566000000000003,99.236000000000004,99.906000000000006
,,,,,,,,,,,,
E10000006,Cumbria ,226.315,226.80500000000001,227.34800000000001,227.87799999999999,228.31400000000002,228.792,229.178,229.61599999999999,230.04300000000001,230.41799999999998,230.78399999999999
E07000026,,43.463000000000001,43.573,43.68,43.790999999999997,43.892000000000003,43.994999999999997,44.079000000000001,44.161000000000001,44.25,44.335999999999999,44.415999999999997
E07000027,,30.646999999999998,30.579000000000001,30.529,30.463000000000001,30.376999999999999,30.312000000000001,30.225999999999999,30.151,30.076000000000001,29.978999999999999,29.905000000000001
E07000028,,50.048000000000002,50.225999999999999,50.423000000000002,50.616,50.792999999999999,50.984000000000002,51.143000000000001,51.332000000000001,51.500999999999998,51.683,51.856999999999999
E07000029,,30.782,30.809000000000001,30.850000000000001,30.885000000000002,30.908000000000001,30.908000000000001,30.905999999999999,30.928000000000001,30.940000000000001,30.946999999999999,30.933
E07000030,,23.731000000000002,23.818000000000001,23.905999999999999,23.998000000000001,24.07,24.148,24.225999999999999,24.300999999999998,24.376999999999999,24.449999999999999,24.515999999999998
E07000031,,47.643999999999998,47.799999999999997,47.960000000000001,48.125,48.274000000000001,48.445,48.597999999999999,48.743000000000002,48.899000000000001,49.023000000000003,49.156999999999996
,,,,,,,,,,,,
E11000001,Greater Manchester (Met County),1209.252,1219.0319999999999,1228.6919999999998,1238.0430000000001,1247.0890000000002,1256.0990000000002,1265.1989999999998,1274.626,1283.9070000000002,1292.9100000000001,1301.7379999999998
E08000001,,121.916,122.66800000000001,123.434,124.20099999999999,124.92700000000001,125.66,126.34999999999999,127.075,127.794,128.47399999999999,129.167
E08000002,,82.159999999999997,82.725999999999999,83.265000000000001,83.777000000000001,84.286000000000001,84.799999999999997,85.316999999999993,85.838999999999999,86.334999999999994,86.835999999999999,87.334999999999994
E08000003,,228.38,230.84299999999999,233.25899999999999,235.483,237.727,240.00700000000001,242.38499999999999,244.892,247.31899999999999,249.66900000000001,251.946
E08000004,,95.245000000000005,95.938000000000002,96.599999999999994,97.253,97.900000000000006,98.522000000000006,99.162999999999997,99.813000000000002,100.464,101.10299999999999,101.709
E08000005,,91.302999999999997,91.787000000000006,92.262,92.722999999999999,93.176000000000002,93.614000000000004,94.066000000000003,94.555000000000007,95.030000000000001,95.492999999999995,95.927000000000007
E08000006,,115.39,116.717,118.029,119.30200000000001,120.49299999999999,121.654,122.842,124.07599999999999,125.291,126.492,127.67400000000001
E08000007,,128.715,129.648,130.55000000000001,131.465,132.322,133.172,134.05699999999999,134.947,135.85499999999999,136.69399999999999,137.535
E08000008,,99.393000000000001,99.965000000000003,100.583,101.184,101.729,102.28700000000001,102.824,103.41200000000001,103.989,104.547,105.10899999999999
E08000009,,102.471,103.506,104.524,105.545,106.56100000000001,107.575,108.58799999999999,109.592,110.614,111.63500000000001,112.639
E08000010,,144.279,145.23400000000001,146.18600000000001,147.11000000000001,147.96799999999999,148.80799999999999,149.607,150.42500000000001,151.21600000000001,151.96700000000001,152.697
,,,,,,,,,,,,
E10000017,Lancashire ,520.05999999999995,522.77699999999993,525.47199999999998,528.01900000000001,530.44999999999993,532.92399999999998,535.41599999999994,538.024,540.58399999999995,543.05400000000009,545.37100000000009
E07000117,,38.109999999999999,38.183,38.262999999999998,38.322000000000003,38.387999999999998,38.439999999999998,38.494999999999997,38.555,38.615000000000002,38.686,38.740000000000002
E07000118,,50.048999999999999,50.610999999999997,51.168999999999997,51.692,52.194000000000003,52.688000000000002,53.167000000000002,53.667000000000002,54.146000000000001,54.601999999999997,55.031999999999996
E07000119,,37.180999999999997,37.454000000000001,37.719000000000001,37.988999999999997,38.247999999999998,38.5,38.756999999999998,39.011000000000003,39.256,39.493000000000002,39.713999999999999
E07000120,,34.667999999999999,34.737000000000002,34.805999999999997,34.853000000000002,34.905999999999999,34.954999999999998,35.018000000000001,35.075000000000003,35.125999999999998,35.186,35.240000000000002
E07000121,,61.274000000000001,61.625999999999998,61.985999999999997,62.308,62.634,62.994999999999997,63.381,63.802,64.215000000000003,64.619,64.981999999999999
E07000122,,38.884999999999998,39.045000000000002,39.228999999999999,39.402000000000001,39.536000000000001,39.692,39.822000000000003,39.966999999999999,40.100999999999999,40.222999999999999,40.348999999999997
E07000123,,59.133000000000003,59.323,59.514000000000003,59.706000000000003,59.887,60.091000000000001,60.314,60.579000000000001,60.850999999999999,61.118000000000002,61.378999999999998
E07000124,,25.643999999999998,25.797999999999998,25.943999999999999,26.079999999999998,26.210999999999999,26.338000000000001,26.460000000000001,26.577999999999999,26.692,26.795000000000002,26.902999999999999
E07000125,,30.722000000000001,30.923999999999999,31.100999999999999,31.277000000000001,31.462,31.632999999999999,31.815999999999999,31.984000000000002,32.158999999999999,32.329999999999998,32.488
E07000126,,47.789999999999999,47.994999999999997,48.195999999999998,48.393999999999998,48.572000000000003,48.756,48.917999999999999,49.091000000000001,49.259999999999998,49.408999999999999,49.569000000000003
E07000127,,47.097000000000001,47.286999999999999,47.475999999999999,47.654000000000003,47.808999999999997,47.972000000000001,48.140999999999998,48.319000000000003,48.494999999999997,48.664999999999999,48.804000000000002
E07000128,,49.506999999999998,49.793999999999997,50.069000000000003,50.341999999999999,50.603000000000002,50.863999999999997,51.127000000000002,51.396000000000001,51.667999999999999,51.927999999999997,52.170999999999999
,,,,,,,,,,,,
E11000002,Merseyside (Met County),633.88400000000001,637.72799999999995,641.51199999999994,644.91399999999999,648.24000000000001,651.60699999999997,654.97699999999998,658.55799999999999,662.06500000000005,665.41799999999989,668.65599999999995
E08000011,,63.82,64.113,64.397999999999996,64.644000000000005,64.884,65.117999999999995,65.364999999999995,65.626000000000005,65.856999999999999,66.087999999999994,66.311999999999998
E08000012,,221.886,223.58600000000001,225.22,226.65899999999999,228.09399999999999,229.584,231.11199999999999,232.762,234.374,235.93299999999999,237.44999999999999
E08000014,,122.32299999999999,122.93000000000001,123.52,124.045,124.568,125.095,125.622,126.188,126.764,127.29300000000001,127.789
E08000013,,79.722999999999999,80.207999999999998,80.704999999999998,81.158000000000001,81.596999999999994,82.025999999999996,82.423000000000002,82.840999999999994,83.238,83.611999999999995,83.977000000000004
E08000015,,146.13200000000001,146.89099999999999,147.66900000000001,148.40799999999999,149.09700000000001,149.78399999999999,150.45500000000001,151.14099999999999,151.83199999999999,152.49199999999999,153.12799999999999
,,,,,,,,,,,,
E06000011,East Riding of Yorkshire UA,149.78899999999999,150.64500000000001,151.505,152.34999999999999,153.173,153.96600000000001,154.74600000000001,155.56,156.35499999999999,157.114,157.81899999999999
E06000010,"Kingston upon Hull, City of UA",116.271,116.62,117.057,117.45099999999999,117.786,118.164,118.488,118.896,119.31699999999999,119.724,120.128
E06000012,North East Lincolnshire UA,71.608000000000004,71.832999999999998,72.072000000000003,72.280000000000001,72.462000000000003,72.653000000000006,72.847999999999999,73.058999999999997,73.248999999999995,73.421000000000006,73.600999999999999
E06000013,North Lincolnshire UA,74.170000000000002,74.611000000000004,75.028000000000006,75.412000000000006,75.786000000000001,76.150999999999996,76.543999999999997,76.939999999999998,77.314999999999998,77.677000000000007,78.010999999999996
E06000014,York UA,90.828999999999994,91.691000000000003,92.527000000000001,93.331000000000003,94.116,94.930000000000007,95.75,96.581999999999994,97.418000000000006,98.239000000000004,99.027000000000001
,,,,,,,,,,,,
E10000023,North Yorkshire ,267.56900000000002,268.80799999999999,270.03700000000003,271.24000000000001,272.37,273.49900000000002,274.666,275.875,277.041,278.12900000000002,279.16800000000001
E07000163,,25.466999999999999,25.588000000000001,25.718,25.837,25.957000000000001,26.074999999999999,26.201000000000001,26.338999999999999,26.460999999999999,26.577000000000002,26.690999999999999
E07000164,,39.872,40.07,40.253,40.417000000000002,40.575000000000003,40.728999999999999,40.893000000000001,41.046999999999997,41.186,41.317999999999998,41.435000000000002
E07000165,,69.376999999999995,69.674999999999997,69.971000000000004,70.266000000000005,70.536000000000001,70.784999999999997,71.072000000000003,71.379000000000005,71.665999999999997,71.930999999999997,72.177000000000007
E07000166,,21.452999999999999,21.457999999999998,21.489000000000001,21.516999999999999,21.518000000000001,21.518999999999998,21.52,21.530999999999999,21.539000000000001,21.542000000000002,21.548999999999999
E07000167,,23.815000000000001,23.960000000000001,24.097000000000001,24.234999999999999,24.372,24.521000000000001,24.666,24.814,24.960000000000001,25.097000000000001,25.231999999999999
E07000168,,50.206000000000003,50.332999999999998,50.468000000000004,50.610999999999997,50.749000000000002,50.896000000000001,51.045000000000002,51.213000000000001,51.390000000000001,51.546999999999997,51.695999999999998
E07000169,,37.378999999999998,37.723999999999997,38.040999999999997,38.356999999999999,38.662999999999997,38.973999999999997,39.268999999999998,39.552,39.838999999999999,40.116999999999997,40.387999999999998
,,,,,,,,,,,,
E11000003,South Yorkshire (Met County),598.33900000000006,602.221,606.10699999999997,609.78600000000006,613.46900000000005,617.21100000000001,620.96000000000004,624.89200000000005,628.76099999999997,632.62799999999993,636.42599999999993
E08000016,,108.604,109.45999999999999,110.35599999999999,111.206,112.041,112.867,113.661,114.48999999999999,115.306,116.113,116.91
E08000017,,131.35499999999999,131.91300000000001,132.48099999999999,132.98699999999999,133.505,134.023,134.52600000000001,135.05699999999999,135.55000000000001,136.071,136.59100000000001
E08000018,,112.64100000000001,113.23699999999999,113.792,114.32899999999999,114.86799999999999,115.378,115.90000000000001,116.42700000000001,116.949,117.473,117.98699999999999
E08000019,,245.739,247.61099999999999,249.47800000000001,251.26400000000001,253.05500000000001,254.94300000000001,256.87299999999999,258.91800000000001,260.95600000000002,262.971,264.93799999999999
,,,,,,,,,,,,
E11000006,West Yorkshire (Met County),979.0089999999999,986.11400000000003,993.35099999999989,1000.3829999999999,1007.401,1014.4619999999999,1021.5070000000001,1028.9449999999999,1036.2739999999999,1043.5149999999999,1050.6339999999998
E08000032,,210.54599999999999,212.13300000000001,213.69200000000001,215.203,216.75,218.31999999999999,219.88800000000001,221.524,223.13900000000001,224.77699999999999,226.381
E08000033,,95.093999999999994,95.915000000000006,96.706999999999994,97.468000000000004,98.236999999999995,98.989000000000004,99.751000000000005,100.509,101.232,101.952,102.639
E08000034,,185.762,187.303,188.89500000000001,190.44200000000001,191.96899999999999,193.458,194.92599999999999,196.465,197.96000000000001,199.43000000000001,200.86699999999999
E08000035,,338.89999999999998,341.09500000000003,343.43000000000001,345.73500000000001,348.04000000000002,350.392,352.78100000000001,355.387,358.02499999999998,360.601,363.12799999999999
E08000036,,148.70699999999999,149.66800000000001,150.62700000000001,151.535,152.405,153.303,154.161,155.06,155.91800000000001,156.755,157.619
,,,,,,,,,,,,
E06000015,Derby UA,108.514,109.39100000000001,110.274,111.098,111.93300000000001,112.791,113.637,114.511,115.399,116.303,117.2
E06000016,Leicester UA,134.81899999999999,136.303,137.767,139.13300000000001,140.50899999999999,141.95099999999999,143.41,144.97,146.506,148.04599999999999,149.56700000000001
E06000018,Nottingham UA,134.72300000000001,135.547,136.38499999999999,137.155,138.04400000000001,139.06800000000001,140.16200000000001,141.417,142.67599999999999,143.964,145.17099999999999
E06000017,Rutland UA,16.087,16.175999999999998,16.263000000000002,16.349,16.443000000000001,16.542999999999999,16.635000000000002,16.731000000000002,16.824000000000002,16.920000000000002,17.015999999999998
,,,,,,,,,,,,
E10000007,Derbyshire ,351.94000000000005,354.37499999999994,356.774,359.03299999999996,361.27999999999997,363.54699999999997,365.68499999999995,367.83700000000005,369.88599999999997,371.93400000000003,373.95400000000001
E07000032,,55.734999999999999,56.119999999999997,56.499000000000002,56.860999999999997,57.219000000000001,57.572000000000003,57.909999999999997,58.247,58.569000000000003,58.893000000000001,59.203000000000003
E07000033,,34.646999999999998,34.890000000000001,35.127000000000002,35.344999999999999,35.560000000000002,35.789999999999999,35.996000000000002,36.203000000000003,36.386000000000003,36.576999999999998,36.761000000000003
E07000034,,48.68,48.930999999999997,49.171999999999997,49.396000000000001,49.616999999999997,49.840000000000003,50.052999999999997,50.256,50.444000000000003,50.645000000000003,50.841000000000001
E07000035,,32.009,32.188000000000002,32.377000000000002,32.552,32.734999999999999,32.905999999999999,33.07,33.25,33.414999999999999,33.582000000000001,33.738
E07000036,,51.798000000000002,52.189,52.566000000000003,52.920999999999999,53.265999999999998,53.625999999999998,53.962000000000003,54.299999999999997,54.643000000000001,54.972999999999999,55.314999999999998
E07000037,,40.840000000000003,41.073999999999998,41.311999999999998,41.546999999999997,41.780000000000001,42.006999999999998,42.220999999999997,42.433,42.642000000000003,42.847999999999999,43.052
E07000038,,44.703000000000003,44.936999999999998,45.185000000000002,45.399999999999999,45.615000000000002,45.847000000000001,46.055999999999997,46.276000000000003,46.470999999999997,46.655999999999999,46.856000000000002
E07000039,,43.527999999999999,44.045999999999999,44.536000000000001,45.011000000000003,45.488,45.959000000000003,46.417000000000002,46.872,47.316000000000003,47.759999999999998,48.188000000000002
,,,,,,,,,,,,
E10000018,Leicestershire ,288.76400000000001,291.38800000000003,293.93200000000002,296.351,298.86099999999999,301.45800000000003,303.99799999999999,306.57300000000004,309.10499999999996,311.64600000000002,314.16800000000001
E07000129,,41.015999999999998,41.328000000000003,41.610999999999997,41.880000000000003,42.154000000000003,42.439,42.707999999999998,42.984000000000002,43.247999999999998,43.521000000000001,43.801000000000002
E07000130,,74.460999999999999,75.358000000000004,76.251999999999995,77.088999999999999,77.944000000000003,78.852000000000004,79.765000000000001,80.689999999999998,81.617999999999995,82.555999999999997,83.463999999999999
E07000131,,38.491,38.930999999999997,39.344999999999999,39.732999999999997,40.125999999999998,40.524999999999999,40.918999999999997,41.305999999999997,41.679000000000002,42.051000000000002,42.424999999999997
E07000132,,48.585999999999999,48.984999999999999,49.381999999999998,49.75,50.139000000000003,50.540999999999997,50.920999999999999,51.308999999999997,51.671999999999997,52.036999999999999,52.405999999999999
E07000133,,22.783999999999999,22.962,23.128,23.283999999999999,23.451000000000001,23.616,23.771999999999998,23.93,24.082999999999998,24.234000000000002,24.382999999999999
E07000134,,41.668999999999997,41.997999999999998,42.305,42.591000000000001,42.892000000000003,43.206000000000003,43.511000000000003,43.816000000000003,44.113999999999997,44.411000000000001,44.710000000000001
E07000135,,21.757000000000001,21.826000000000001,21.908999999999999,22.024000000000001,22.155000000000001,22.279,22.402000000000001,22.538,22.690999999999999,22.835999999999999,22.978999999999999
,,,,,,,,,,,,
E10000019,Lincolnshire,329.09399999999999,331.66300000000001,334.13499999999993,336.51299999999998,338.90199999999999,341.33199999999999,343.738,346.21700000000004,348.66800000000001,351.13400000000001,353.51599999999996
E07000136,,29.355,29.594000000000001,29.809999999999999,30.012,30.216000000000001,30.427,30.638999999999999,30.846,31.059999999999999,31.280999999999999,31.498999999999999
E07000137,,63.338999999999999,63.674999999999997,64.016999999999996,64.337000000000003,64.686000000000007,65.043000000000006,65.405000000000001,65.799000000000007,66.168999999999997,66.561999999999998,66.935000000000002
E07000138,,42.414000000000001,42.652000000000001,42.890000000000001,43.101999999999997,43.331000000000003,43.588999999999999,43.857999999999997,44.161999999999999,44.463999999999999,44.767000000000003,45.051000000000002
E07000139,,49.799999999999997,50.238,50.640000000000001,51.036999999999999,51.43,51.817,52.197000000000003,52.561999999999998,52.917999999999999,53.271999999999998,53.615000000000002
E07000140,,39.978999999999999,40.343000000000004,40.688000000000002,41.027000000000001,41.363,41.701000000000001,42.037999999999997,42.390999999999998,42.749000000000002,43.103999999999999,43.442999999999998
E07000141,,62.840000000000003,63.487000000000002,64.111000000000004,64.727000000000004,65.311000000000007,65.894000000000005,66.459000000000003,67.022000000000006,67.587000000000003,68.138000000000005,68.680999999999997
E07000142,,41.366999999999997,41.673999999999999,41.978999999999999,42.271000000000001,42.564999999999998,42.860999999999997,43.142000000000003,43.435000000000002,43.720999999999997,44.009999999999998,44.292000000000002
,,,,,,,,,,,,
E10000021,Northamptonshire,315.70099999999996,319.05499999999995,322.36500000000001,325.59499999999997,328.80099999999999,332.048,335.22499999999997,338.47200000000004,341.67799999999994,344.88799999999998,348.05800000000005
E07000150,,29.201000000000001,29.640000000000001,30.071999999999999,30.489999999999998,30.911999999999999,31.34,31.751999999999999,32.177999999999997,32.601999999999997,33.021000000000001,33.447000000000003
E07000151,,33.917999999999999,34.212000000000003,34.499000000000002,34.767000000000003,35.033000000000001,35.305999999999997,35.572000000000003,35.843000000000004,36.097999999999999,36.348999999999997,36.593000000000004
E07000152,,38.761000000000003,39.152000000000001,39.511000000000003,39.875,40.238999999999997,40.603999999999999,40.972999999999999,41.344000000000001,41.719000000000001,42.093000000000004,42.460999999999999
E07000153,,43.590000000000003,44.048999999999999,44.512,44.963000000000001,45.387,45.823999999999998,46.255000000000003,46.689,47.119,47.536999999999999,47.959000000000003
E07000154,,98.463999999999999,99.578999999999994,100.694,101.768,102.84399999999999,103.926,104.98699999999999,106.09,107.172,108.27500000000001,109.345
E07000155,,37.947000000000003,38.320999999999998,38.688000000000002,39.058,39.429000000000002,39.811999999999998,40.177999999999997,40.539999999999999,40.906999999999996,41.274000000000001,41.636000000000003
E07000156,,33.82,34.101999999999997,34.389000000000003,34.673999999999999,34.957000000000001,35.235999999999997,35.508000000000003,35.787999999999997,36.061,36.338999999999999,36.616999999999997
,,,,,,,,,,,,
E10000024,Nottinghamshire ,357.21200000000005,359.94399999999996,362.60899999999998,365.20000000000005,367.70699999999999,370.26999999999998,372.74799999999999,375.24000000000001,377.66800000000001,380.04499999999996,382.43000000000001
E07000170,,55.097999999999999,55.607999999999997,56.107999999999997,56.582000000000001,57.042999999999999,57.494999999999997,57.933,58.359999999999999,58.762,59.159999999999997,59.555
E07000171,,50.298000000000002,50.619,50.904000000000003,51.177,51.445,51.710000000000001,51.968000000000004,52.212000000000003,52.444000000000003,52.68,52.908999999999999
E07000172,,49.677999999999997,50.018999999999998,50.338999999999999,50.655999999999999,50.959000000000003,51.270000000000003,51.579999999999998,51.895000000000003,52.222000000000001,52.537999999999997,52.844999999999999
E07000173,,52.585999999999999,52.988999999999997,53.411999999999999,53.817,54.216999999999999,54.628,55.024000000000001,55.433,55.828000000000003,56.216999999999999,56.609000000000002
E07000174,,47.368000000000002,47.628,47.877000000000002,48.116,48.350000000000001,48.600999999999999,48.841000000000001,49.088999999999999,49.322000000000003,49.548000000000002,49.795999999999999
E07000175,,52.671999999999997,53.113999999999997,53.549999999999997,53.987000000000002,54.384999999999998,54.796999999999997,55.185000000000002,55.576999999999998,55.954000000000001,56.316000000000003,56.677999999999997
E07000176,,49.512,49.966999999999999,50.418999999999997,50.865000000000002,51.308,51.768999999999998,52.216999999999999,52.673999999999999,53.136000000000003,53.585999999999999,54.037999999999997
,,,,,,,,,,,,
E06000019,"Herefordshire, County of UA",84.122,84.826999999999998,85.510000000000005,86.173000000000002,86.844999999999999,87.518000000000001,88.168000000000006,88.813000000000002,89.430999999999997,90.034999999999997,90.617000000000004
E06000051,Shropshire UA,138.84399999999999,139.90299999999999,140.94900000000001,141.94399999999999,142.94399999999999,143.92500000000001,144.88999999999999,145.84399999999999,146.74799999999999,147.63499999999999,148.49000000000001
E06000021,Stoke-on-Trent UA,110.839,111.32599999999999,111.76000000000001,112.18600000000001,112.64,113.10299999999999,113.608,114.117,114.63200000000001,115.179,115.67
E06000020,Telford and Wrekin UA,70.977999999999994,71.498999999999995,72.013999999999996,72.497,72.936999999999998,73.397999999999996,73.853999999999999,74.331000000000003,74.787999999999997,75.198999999999998,75.611000000000004
,,,,,,,,,,,,
E10000028,Staffordshire ,375.26500000000004,377.47700000000003,379.62299999999999,381.66800000000001,383.69600000000003,385.74799999999999,387.76999999999998,389.81200000000001,391.71600000000001,393.59699999999998,395.45499999999998
E07000192,,43.119999999999997,43.374000000000002,43.645000000000003,43.911999999999999,44.148000000000003,44.396999999999998,44.625,44.869999999999997,45.101999999999997,45.322000000000003,45.540999999999997
E07000193,,50.575000000000003,50.982999999999997,51.359999999999999,51.735999999999997,52.095999999999997,52.462000000000003,52.835999999999999,53.210999999999999,53.582000000000001,53.942999999999998,54.316000000000003
E07000194,,43.783000000000001,44.093000000000004,44.375999999999998,44.625,44.881999999999998,45.130000000000003,45.381999999999998,45.639000000000003,45.866999999999997,46.094999999999999,46.314999999999998
E07000195,,55.436999999999998,55.741999999999997,56.048000000000002,56.341000000000001,56.645000000000003,56.962000000000003,57.307000000000002,57.643999999999998,57.947000000000003,58.264000000000003,58.567
E07000196,,47.475999999999999,47.740000000000002,47.972000000000001,48.188000000000002,48.408999999999999,48.621000000000002,48.832000000000001,49.030999999999999,49.216999999999999,49.393000000000001,49.569000000000003
E07000197,,58.859999999999999,59.207000000000001,59.564,59.906999999999996,60.264000000000003,60.625,60.954000000000001,61.289000000000001,61.600000000000001,61.917000000000002,62.228000000000002
E07000198,,43.148000000000003,43.323999999999998,43.508000000000003,43.685000000000002,43.847999999999999,44.021999999999998,44.191000000000003,44.369,44.543999999999997,44.692999999999998,44.835000000000001
E07000199,,32.866,33.014000000000003,33.149999999999999,33.274000000000001,33.404000000000003,33.529000000000003,33.643000000000001,33.759,33.856999999999999,33.969999999999999,34.084000000000003
,,,,,,,,,,,,
E10000031,Warwickshire,244.72200000000001,246.684,248.64100000000002,250.50999999999999,252.29300000000001,254.14999999999998,255.952,257.78100000000001,259.56,261.31200000000001,263.11099999999999
E07000218,,26.914000000000001,27.056999999999999,27.201000000000001,27.350999999999999,27.498000000000001,27.643999999999998,27.792000000000002,27.942,28.084,28.218,28.353000000000002
E07000219,,55.371000000000002,55.749000000000002,56.155000000000001,56.5,56.848999999999997,57.222000000000001,57.573,57.942999999999998,58.289000000000001,58.630000000000003,58.981999999999999
E07000220,,45.375999999999998,45.837000000000003,46.280999999999999,46.728000000000002,47.161999999999999,47.601999999999997,48.018999999999998,48.441000000000003,48.850999999999999,49.268000000000001,49.698
E07000221,,55.084000000000003,55.545000000000002,55.997,56.445,56.863999999999997,57.299999999999997,57.713000000000001,58.127000000000002,58.530000000000001,58.915999999999997,59.310000000000002
E07000222,,61.976999999999997,62.496000000000002,63.006999999999998,63.485999999999997,63.920000000000002,64.382000000000005,64.855000000000004,65.328000000000003,65.805999999999997,66.280000000000001,66.768000000000001
,,,,,,,,,,,,
E11000005,West Midlands (Met County),1169.8009999999999,1180.249,1190.7660000000001,1201.0550000000001,1211.393,1221.96,1232.5379999999998,1243.5129999999999,1254.431,1265.3410000000001,1276.1510000000001
E08000025,,444.29700000000003,448.709,453.14600000000002,457.49099999999999,461.839,466.29199999999997,470.83699999999999,475.529,480.23000000000002,484.935,489.56099999999998
E08000026,,148.43700000000001,150.596,152.72999999999999,154.76300000000001,156.83000000000001,158.929,161.00800000000001,163.16,165.28800000000001,167.43000000000001,169.52000000000001
E08000027,,133.733,134.25399999999999,134.78899999999999,135.33099999999999,135.84,136.404,136.958,137.55799999999999,138.136,138.67400000000001,139.239
E08000028,,131.44,132.756,134.07400000000001,135.41399999999999,136.75899999999999,138.077,139.404,140.74199999999999,142.09399999999999,143.453,144.797
E08000029,,90.328999999999994,90.936999999999998,91.528999999999996,92.120999999999995,92.728999999999999,93.376000000000005,94.006,94.655000000000001,95.308000000000007,95.947999999999993,96.614999999999995
E08000030,,114.214,114.999,115.825,116.61199999999999,117.423,118.22,118.985,119.80500000000001,120.592,121.39,122.191
E08000031,,107.351,107.998,108.673,109.32299999999999,109.973,110.66200000000001,111.34,112.06399999999999,112.783,113.511,114.22799999999999
,,,,,,,,,,,,
E10000034,Worcestershire ,252.845,254.46600000000001,256.04100000000005,257.62200000000001,259.20500000000004,260.79899999999998,262.38,263.94900000000001,265.50700000000001,267.03199999999998,268.56099999999998
E07000234,,40.238,40.496000000000002,40.756,41.006,41.268000000000001,41.536999999999999,41.820999999999998,42.107999999999997,42.395000000000003,42.670999999999999,42.954999999999998
E07000235,,34.396999999999998,34.670000000000002,34.936,35.200000000000003,35.481999999999999,35.762,36.046999999999997,36.332000000000001,36.606999999999999,36.889000000000003,37.167999999999999
E07000236,,36.048999999999999,36.216000000000001,36.365000000000002,36.517000000000003,36.651000000000003,36.799999999999997,36.951999999999998,37.084000000000003,37.225000000000001,37.341000000000001,37.460999999999999
E07000237,,44.835000000000001,45.177,45.506,45.838000000000001,46.165999999999997,46.484000000000002,46.784999999999997,47.091000000000001,47.386000000000003,47.680999999999997,47.973999999999997
E07000238,,52.741,53.136000000000003,53.502000000000002,53.875,54.250999999999998,54.616999999999997,54.996000000000002,55.363999999999997,55.735999999999997,56.106000000000002,56.463000000000001
E07000239,,44.585000000000001,44.771000000000001,44.975999999999999,45.186,45.387,45.598999999999997,45.779000000000003,45.969999999999999,46.158000000000001,46.344000000000001,46.539999999999999
,,,,,,,,,,,,
E06000055,Bedford UA,72.200999999999993,73.182000000000002,74.185000000000002,75.168000000000006,76.152000000000001,77.144999999999996,78.113,79.108000000000004,80.093000000000004,81.075999999999993,82.064999999999998
E06000056,Central Bedfordshire UA,120.878,122.74299999999999,124.59399999999999,126.387,128.161,129.905,131.59700000000001,133.28700000000001,134.946,136.59200000000001,138.21700000000001
E06000032,Luton UA,84.236000000000004,85.409999999999997,86.573999999999998,87.724000000000004,88.867000000000004,89.981999999999999,91.096000000000004,92.216999999999999,93.323999999999998,94.453999999999994,95.558999999999997
E06000031,Peterborough UA,81.900999999999996,82.768000000000001,83.617000000000004,84.417000000000002,85.180999999999997,85.968000000000004,86.727000000000004,87.509,88.310000000000002,89.091999999999999,89.882000000000005
E06000033,Southend-on-Sea UA,80.980000000000004,81.834999999999994,82.668000000000006,83.522000000000006,84.361000000000004,85.218000000000004,86.058999999999997,86.893000000000001,87.738,88.588999999999999,89.438999999999993
E06000034,Thurrock UA,68.775999999999996,69.625,70.494,71.347999999999999,72.200000000000003,73.040000000000006,73.872,74.724999999999994,75.569000000000003,76.433000000000007,77.277000000000001
,,,,,,,,,,,,
E10000003,Cambridgeshire ,276.96600000000001,279.93299999999999,282.84399999999999,285.68899999999996,288.52100000000002,291.40199999999999,294.19499999999999,297.02499999999998,299.86000000000001,302.61500000000001,305.37
E07000008,,51.149000000000001,51.530000000000001,51.917999999999999,52.276000000000003,52.649000000000001,53.066000000000003,53.481000000000002,53.945,54.404000000000003,54.863,55.326000000000001
E07000009,,38.174999999999997,38.631,39.066000000000003,39.503,39.948,40.387999999999998,40.814999999999998,41.225999999999999,41.651000000000003,42.075000000000003,42.503
E07000010,,44.293999999999997,44.731000000000002,45.170000000000002,45.581000000000003,46.002000000000002,46.444000000000003,46.869,47.308,47.747,48.177,48.597000000000001
E07000011,,76.346000000000004,77.168999999999997,77.962000000000003,78.757999999999996,79.524000000000001,80.281999999999996,81.018000000000001,81.744,82.462999999999994,83.141999999999996,83.826999999999998
E07000012,,67.001999999999995,67.872,68.727999999999994,69.570999999999998,70.397999999999996,71.221999999999994,72.012,72.802000000000007,73.594999999999999,74.358000000000004,75.117000000000004
,,,,,,,,,,,,
E10000012,Essex ,630.58999999999992,636.72199999999998,642.82900000000006,648.88300000000004,654.90700000000004,661.07299999999987,667.07499999999993,673.18099999999981,679.28599999999983,685.34400000000005,691.41100000000006
E07000066,,79.509,80.328000000000003,81.102000000000004,81.859999999999999,82.609999999999999,83.375,84.123999999999995,84.869,85.608000000000004,86.353999999999999,87.105999999999995
E07000067,,66.230999999999995,66.869,67.524000000000001,68.168999999999997,68.792000000000002,69.433999999999997,70.042000000000002,70.667000000000002,71.272999999999996,71.863,72.453000000000003
E07000068,,33.243000000000002,33.573999999999998,33.878,34.192,34.506999999999998,34.835999999999999,35.158999999999999,35.482999999999997,35.811,36.137,36.475000000000001
E07000069,,38.094999999999999,38.326999999999998,38.567999999999998,38.808999999999997,39.061,39.317,39.564999999999998,39.837000000000003,40.101999999999997,40.363999999999997,40.615000000000002
E07000070,,75.316000000000003,76.004000000000005,76.695999999999998,77.387,78.037000000000006,78.697999999999993,79.337000000000003,79.981999999999999,80.617000000000004,81.248999999999995,81.870999999999995
E07000071,,79.540000000000006,80.381,81.257000000000005,82.076999999999998,82.879999999999995,83.688999999999993,84.471999999999994,85.277000000000001,86.058000000000007,86.838999999999999,87.617000000000004
E07000072,,56.820999999999998,57.475999999999999,58.127000000000002,58.783999999999999,59.447000000000003,60.106999999999999,60.780999999999999,61.457999999999998,62.171999999999997,62.862000000000002,63.564
E07000073,,37.274999999999999,37.619,37.951999999999998,38.284999999999997,38.633000000000003,39.003,39.356999999999999,39.713000000000001,40.07,40.448999999999998,40.820999999999998
E07000074,,27.562999999999999,27.786999999999999,28.009,28.219000000000001,28.423999999999999,28.643999999999998,28.858000000000001,29.067,29.276,29.469999999999999,29.661999999999999
E07000075,,35.534999999999997,35.792999999999999,36.039000000000001,36.299999999999997,36.560000000000002,36.826999999999998,37.076999999999998,37.323,37.588000000000001,37.850000000000001,38.112000000000002
E07000076,,65.447999999999993,66.013999999999996,66.605000000000004,67.210999999999999,67.843999999999994,68.513000000000005,69.173000000000002,69.867999999999995,70.578999999999994,71.278999999999996,71.995000000000005
E07000077,,36.014000000000003,36.549999999999997,37.072000000000003,37.590000000000003,38.112000000000002,38.630000000000003,39.130000000000003,39.637,40.131999999999998,40.628,41.119999999999997
,,,,,,,,,,,,
E10000015,Hertfordshire,501.47299999999996,507.32900000000001,513.09000000000003,518.80899999999997,524.53300000000002,530.25099999999998,535.90699999999993,541.64099999999996,547.35900000000004,553.06700000000001,558.82799999999997
E07000095,,40.810000000000002,41.216000000000001,41.606999999999999,42.011000000000003,42.411000000000001,42.813000000000002,43.215000000000003,43.619999999999997,44.030000000000001,44.436,44.843000000000004
E07000096,,66.156000000000006,66.908000000000001,67.664000000000001,68.400999999999996,69.134,69.858999999999995,70.576999999999998,71.316999999999993,72.031999999999996,72.753,73.480000000000004
E07000242,,63.609000000000002,64.421999999999997,65.194999999999993,65.968999999999994,66.730000000000004,67.495000000000005,68.236999999999995,68.968999999999994,69.706000000000003,70.426000000000002,71.168000000000006
E07000098,,43.279000000000003,43.787999999999997,44.289999999999999,44.792000000000002,45.302,45.813000000000002,46.320999999999998,46.835999999999999,47.347000000000001,47.859999999999999,48.380000000000003
E07000099,,58.963000000000001,59.691000000000003,60.405000000000001,61.107999999999997,61.798999999999999,62.506,63.189999999999998,63.883000000000003,64.584000000000003,65.277000000000001,65.988
E07000240,,61.063000000000002,61.719000000000001,62.366999999999997,63.008000000000003,63.651000000000003,64.293999999999997,64.923000000000002,65.564999999999998,66.197000000000003,66.826999999999998,67.462000000000003
E07000243,,38.106999999999999,38.496000000000002,38.853000000000002,39.201999999999998,39.564999999999998,39.911000000000001,40.271999999999998,40.628,40.996000000000002,41.371000000000002,41.732999999999997
E07000102,,38.429000000000002,38.856999999999999,39.289999999999999,39.725999999999999,40.161999999999999,40.606999999999999,41.048999999999999,41.497,41.944000000000003,42.395000000000003,42.856000000000002
E07000103,,41.825000000000003,42.417999999999999,42.994,43.576999999999998,44.158000000000001,44.716999999999999,45.271999999999998,45.825000000000003,46.374000000000002,46.929000000000002,47.488
E07000241,,49.231999999999999,49.814,50.424999999999997,51.015000000000001,51.621000000000002,52.235999999999997,52.850999999999999,53.500999999999998,54.149000000000001,54.792999999999999,55.43
,,,,,,,,,,,,
E10000020,Norfolk,400.01999999999998,403.37399999999997,406.70400000000001,409.92700000000002,413.16400000000004,416.44600000000003,419.69299999999998,422.99499999999995,426.32799999999997,429.57600000000002,432.75600000000009
E07000143,,59.380000000000003,59.929000000000002,60.472999999999999,60.988999999999997,61.5,62.017000000000003,62.521000000000001,63.040999999999997,63.555,64.058000000000007,64.557000000000002
E07000144,,56.305,56.726999999999997,57.131999999999998,57.517000000000003,57.905000000000001,58.302999999999997,58.710000000000001,59.100999999999999,59.497,59.887,60.273000000000003
E07000145,,44.523000000000003,44.851999999999997,45.182000000000002,45.479999999999997,45.774999999999999,46.087000000000003,46.399999999999999,46.718000000000004,47.045000000000002,47.359999999999999,47.658999999999999
E07000146,,66.396000000000001,66.831000000000003,67.274000000000001,67.709000000000003,68.165000000000006,68.605999999999995,69.046999999999997,69.507999999999996,69.968000000000004,70.426000000000002,70.858000000000004
E07000147,,49.118000000000002,49.512999999999998,49.914999999999999,50.305,50.709000000000003,51.110999999999997,51.508000000000003,51.921999999999997,52.341000000000001,52.753,53.154000000000003
E07000148,,65.305999999999997,65.798000000000002,66.289000000000001,66.763999999999996,67.242999999999995,67.751000000000005,68.254999999999995,68.781999999999996,69.314999999999998,69.837999999999994,70.355000000000004
E07000149,,58.991999999999997,59.723999999999997,60.439,61.162999999999997,61.866999999999997,62.570999999999998,63.252000000000002,63.923000000000002,64.606999999999999,65.254000000000005,65.900000000000006
,,,,,,,,,,,,
E10000029,Suffolk,330.267,332.69900000000001,335.10499999999996,337.55000000000001,339.875,342.30199999999996,344.67700000000008,347.06999999999999,349.48999999999995,351.815,354.17700000000002
E07000200,,39.945999999999998,40.249000000000002,40.552,40.850999999999999,41.140999999999998,41.445,41.741,42.036000000000001,42.329999999999998,42.607999999999997,42.878
E07000201,,27.635000000000002,27.934000000000001,28.227,28.518999999999998,28.792999999999999,29.073,29.356000000000002,29.638000000000002,29.917999999999999,30.186,30.456
E07000202,,60.671999999999997,61.073999999999998,61.454999999999998,61.843000000000004,62.189,62.564999999999998,62.942999999999998,63.320999999999998,63.695999999999998,64.067999999999998,64.453999999999994
E07000203,,44.210000000000001,44.652000000000001,45.095999999999997,45.545999999999999,45.963000000000001,46.387999999999998,46.792999999999999,47.200000000000003,47.597999999999999,47.969999999999999,48.357999999999997
E07000204,,48.677999999999997,48.996000000000002,49.323,49.649000000000001,49.972000000000001,50.305999999999997,50.622,50.951999999999998,51.290999999999997,51.618000000000002,51.951000000000001
E07000205,,56.340000000000003,56.710000000000001,57.081000000000003,57.481000000000002,57.863,58.268000000000001,58.664999999999999,59.067999999999998,59.488,59.878,60.270000000000003
E07000206,,52.786000000000001,53.084000000000003,53.371000000000002,53.661000000000001,53.954000000000001,54.256999999999998,54.557000000000002,54.854999999999997,55.168999999999997,55.487000000000002,55.810000000000002
,,,,,,,,,,,,
E13000001,Inner London,1601.0619999999999,1626.3630000000001,1651.144,1675.1030000000001,1698.748,1722.0069999999998,1745.021,1768.3000000000002,1790.8999999999999,1812.9839999999999,1834.6480000000001
E09000007,,115.73,117.499,119.193,120.843,122.48,124.111,125.744,127.395,129.011,130.58199999999999,132.108
E09000001,,5.2450000000000001,5.3170000000000002,5.3819999999999997,5.4509999999999996,5.5220000000000002,5.5919999999999996,5.6600000000000001,5.7279999999999998,5.7930000000000001,5.8570000000000002,5.9249999999999998
E09000012,,122.89,125.303,127.65300000000001,129.94300000000001,132.21100000000001,134.38300000000001,136.58099999999999,138.762,140.863,142.892,144.845
E09000013,,84.944999999999993,85.641999999999996,86.340000000000003,87.003,87.656000000000006,88.301000000000002,88.936000000000007,89.626000000000005,90.280000000000001,90.914000000000001,91.551000000000002
E09000014,,121.366,123.468,125.551,127.58799999999999,129.596,131.57300000000001,133.53200000000001,135.50899999999999,137.41499999999999,139.28899999999999,141.11199999999999
E09000019,,112.123,114.017,115.846,117.578,119.265,120.911,122.551,124.224,125.845,127.42700000000001,128.97300000000001
E09000020,,79.930000000000007,80.129999999999995,80.366,80.578000000000003,80.843999999999994,81.140000000000001,81.438000000000002,81.798000000000002,82.144000000000005,82.498999999999995,82.869
E09000022,,149.71899999999999,151.649,153.571,155.38800000000001,157.16,158.88200000000001,160.57499999999999,162.30000000000001,163.977,165.62,167.26599999999999
E09000023,,136.44499999999999,138.709,140.989,143.22900000000001,145.47,147.697,149.91900000000001,152.167,154.36799999999999,156.55500000000001,158.70099999999999
E09000025,,128.23500000000001,131.096,133.858,136.43700000000001,138.96600000000001,141.45500000000001,143.87100000000001,146.27699999999999,148.55600000000001,150.785,152.95500000000001
E09000028,,140.74199999999999,143,145.18899999999999,147.30600000000001,149.38499999999999,151.43600000000001,153.483,155.52600000000001,157.53399999999999,159.51300000000001,161.459
E09000030,,136.292,139.922,143.45500000000001,146.94,150.34200000000001,153.66800000000001,156.92099999999999,160.17400000000001,163.34800000000001,166.41200000000001,169.41200000000001
E09000032,,141.72499999999999,143.179,144.68000000000001,146.14699999999999,147.58799999999999,149.02099999999999,150.40199999999999,151.81899999999999,153.215,154.56100000000001,155.90799999999999
E09000033,,125.675,127.432,129.071,130.672,132.26300000000001,133.83699999999999,135.40799999999999,136.995,138.55099999999999,140.078,141.56399999999999
,,,,,,,,,,,,
E13000002,Outer London,2173.8580000000002,2207.8649999999998,2241.5740000000001,2274.5940000000001,2307.7740000000003,2340.6810000000005,2373.5769999999998,2406.7539999999995,2439.4679999999998,2471.8689999999997,2503.8499999999999
E09000002,,81.896000000000001,83.521000000000001,85.126000000000005,86.725999999999999,88.340000000000003,89.914000000000001,91.497,93.085999999999999,94.688000000000002,96.269999999999996,97.790000000000006
E09000003,,160.518,163.52000000000001,166.45599999999999,169.33799999999999,172.227,175.09,177.96199999999999,180.81999999999999,183.63499999999999,186.40299999999999,189.15000000000001
E09000004,,101.601,102.84,104.11499999999999,105.33,106.565,107.804,109.04900000000001,110.34399999999999,111.619,112.902,114.19799999999999
E09000005,,128.286,130.386,132.434,134.40799999999999,136.37899999999999,138.303,140.21600000000001,142.13,143.97900000000001,145.78299999999999,147.554
E09000006,,144.238,146.05500000000001,147.88,149.69900000000001,151.566,153.441,155.35499999999999,157.31200000000001,159.27799999999999,161.25999999999999,163.249
E09000008,,164.76300000000001,167.274,169.81700000000001,172.292,174.768,177.23099999999999,179.696,182.18700000000001,184.65000000000001,187.08500000000001,189.489
E09000009,,137.40000000000001,139.12700000000001,140.904,142.59899999999999,144.304,146.00200000000001,147.68600000000001,149.43299999999999,151.11500000000001,152.76499999999999,154.39500000000001
E09000010,,138.14099999999999,140.55199999999999,142.93899999999999,145.31,147.64099999999999,149.97200000000001,152.31200000000001,154.679,156.98599999999999,159.26499999999999,161.55099999999999
E09000011,,120.178,122.35899999999999,124.527,126.593,128.67599999999999,130.726,132.76400000000001,134.81999999999999,136.809,138.786,140.70500000000001
E09000015,,95.707999999999998,97.134,98.516000000000005,99.864999999999995,101.254,102.636,103.991,105.343,106.667,107.979,109.28400000000001
E09000016,,106.092,107.42400000000001,108.735,110.047,111.364,112.717,114.074,115.446,116.821,118.221,119.648
E09000017,,117.748,119.72199999999999,121.685,123.61199999999999,125.548,127.459,129.39099999999999,131.358,133.31100000000001,135.26599999999999,137.15600000000001
E09000018,,112.173,114.158,116.09699999999999,117.965,119.834,121.65900000000001,123.455,125.259,127.01300000000001,128.73699999999999,130.411
E09000021,,73.463999999999999,74.540000000000006,75.616,76.659000000000006,77.715000000000003,78.790999999999997,79.870000000000005,80.983999999999995,82.082999999999998,83.176000000000002,84.263000000000005
E09000024,,87.340000000000003,88.501000000000005,89.635999999999996,90.763999999999996,91.861999999999995,92.947000000000003,94.033000000000001,95.117999999999995,96.198999999999998,97.254999999999995,98.299999999999997
E09000026,,116.18000000000001,118.386,120.52200000000001,122.637,124.765,126.824,128.88999999999999,130.92599999999999,132.952,134.946,136.89400000000001
E09000027,,88.765000000000001,89.980999999999995,91.197999999999993,92.406000000000006,93.623000000000005,94.840999999999994,96.034999999999997,97.236000000000004,98.438000000000002,99.626000000000005,100.803
E09000029,,88.283000000000001,89.566999999999993,90.828000000000003,92.090999999999994,93.346999999999994,94.602999999999994,95.856999999999999,97.103999999999999,98.367000000000004,99.606999999999999,100.84
E09000031,,111.084,112.818,114.54300000000001,116.253,117.996,119.721,121.444,123.169,124.858,126.53700000000001,128.16999999999999
,,,,,,,,,,,,
E06000036,Bracknell Forest UA,51.067999999999998,51.588000000000001,52.088999999999999,52.563000000000002,53.058999999999997,53.542000000000002,54.000999999999998,54.442999999999998,54.877000000000002,55.316000000000003,55.759
E06000043,Brighton and Hove UA,132.06899999999999,133.31100000000001,134.57400000000001,135.73599999999999,136.90000000000001,138.09999999999999,139.309,140.60400000000001,141.86099999999999,143.107,144.34200000000001
E06000046,Isle of Wight UA,64.558999999999997,65.055999999999997,65.608999999999995,66.108000000000004,66.628,67.180999999999997,67.710999999999999,68.290000000000006,68.831000000000003,69.364000000000004,69.885999999999996
E06000035,Medway UA,118.36799999999999,119.739,121.122,122.474,123.78,125.066,126.336,127.639,128.91399999999999,130.18799999999999,131.47499999999999
E06000042,Milton Keynes UA,111.29300000000001,112.848,114.34699999999999,115.783,117.23999999999999,118.66800000000001,120.081,121.499,122.91200000000001,124.318,125.71299999999999
E06000044,Portsmouth UA,91.820999999999998,92.531999999999996,93.228999999999999,93.899000000000001,94.566000000000003,95.268000000000001,95.986999999999995,96.763999999999996,97.558999999999997,98.319000000000003,99.058999999999997
E06000038,Reading UA,67.546000000000006,68.049999999999997,68.528999999999996,68.971000000000004,69.418000000000006,69.903999999999996,70.402000000000001,70.921999999999997,71.430000000000007,71.953000000000003,72.463999999999999
E06000039,Slough UA,57.036000000000001,57.753,58.463999999999999,59.143999999999998,59.805999999999997,60.468000000000004,61.115000000000002,61.781999999999996,62.436,63.075000000000003,63.715000000000003
E06000045,Southampton UA,105.986,106.758,107.48399999999999,108.203,108.959,109.756,110.601,111.508,112.444,113.41,114.34099999999999
E06000037,West Berkshire UA,65.620999999999995,66.030000000000001,66.421999999999997,66.804000000000002,67.186999999999998,67.561000000000007,67.948999999999998,68.334999999999994,68.712999999999994,69.100999999999999,69.468000000000004
E06000040,Windsor and Maidenhead UA,62.914999999999999,63.494999999999997,64.031999999999996,64.566999999999993,65.114000000000004,65.668999999999997,66.222999999999999,66.754000000000005,67.283000000000001,67.813000000000002,68.347999999999999
E06000041,Wokingham UA,65.736000000000004,66.361999999999995,66.965000000000003,67.542000000000002,68.111999999999995,68.680000000000007,69.218000000000004,69.751000000000005,70.274000000000001,70.781000000000006,71.290999999999997
,,,,,,,,,,,,
E10000002,Buckinghamshire ,219.07399999999998,221.29699999999997,223.45400000000001,225.55599999999998,227.67899999999997,229.83299999999997,231.92400000000001,234.01499999999999,236.05500000000001,238.11700000000002,240.19400000000002
E07000004,,79.245999999999995,80.356999999999999,81.421000000000006,82.436999999999998,83.466999999999999,84.504999999999995,85.503,86.491,87.456000000000003,88.433000000000007,89.412999999999997
E07000005,,38.536999999999999,38.761000000000003,38.984000000000002,39.209000000000003,39.444000000000003,39.680999999999997,39.927,40.176000000000002,40.420000000000002,40.676000000000002,40.942999999999998
E07000006,,28.773,29.081,29.376999999999999,29.687000000000001,29.992000000000001,30.305,30.611999999999998,30.922999999999998,31.234999999999999,31.547000000000001,31.852
E07000007,,72.518000000000001,73.097999999999999,73.671999999999997,74.222999999999999,74.775999999999996,75.341999999999999,75.882000000000005,76.424999999999997,76.944000000000003,77.460999999999999,77.986000000000004
,,,,,,,,,,,,
E10000011,East Sussex ,252.08099999999999,254.73099999999999,257.46100000000001,260.19399999999996,262.95499999999998,265.77199999999999,268.56799999999998,271.47900000000004,274.39699999999999,277.274,280.16300000000001
E07000061,,48.619,49.101999999999997,49.600000000000001,50.088999999999999,50.588000000000001,51.115000000000002,51.642000000000003,52.200000000000003,52.762,53.317,53.887999999999998
E07000062,,43.261000000000003,43.552,43.874000000000002,44.186999999999998,44.5,44.826000000000001,45.146999999999998,45.503999999999998,45.856000000000002,46.213999999999999,46.566000000000003
E07000063,,46.060000000000002,46.575000000000003,47.113999999999997,47.655999999999999,48.198,48.750999999999998,49.305999999999997,49.881999999999998,50.457000000000001,51.014000000000003,51.581000000000003
E07000064,,44.015999999999998,44.485999999999997,44.981000000000002,45.488999999999997,46.005000000000003,46.529000000000003,47.052,47.591000000000001,48.143000000000001,48.679000000000002,49.209000000000003
E07000065,,70.125,71.016000000000005,71.891999999999996,72.772999999999996,73.664000000000001,74.551000000000002,75.421000000000006,76.302000000000007,77.179000000000002,78.049999999999997,78.918999999999997
,,,,,,,,,,,,
E10000014,Hampshire ,584.63300000000004,589.42499999999995,594.14299999999992,598.72299999999996,603.31200000000001,608.01699999999983,612.61899999999991,617.30899999999997,621.89700000000005,626.40499999999997,630.91899999999998
E07000084,,76.201999999999998,77.024000000000001,77.793000000000006,78.536000000000001,79.262,79.994,80.677999999999997,81.355999999999995,82.019000000000005,82.680000000000007,83.313000000000002
E07000085,,50.404000000000003,50.817,51.219000000000001,51.628,52.029000000000003,52.433,52.825000000000003,53.222000000000001,53.610999999999997,53.991,54.369999999999997
E07000086,,56.652999999999999,57.206000000000003,57.741999999999997,58.268999999999998,58.792000000000002,59.319000000000003,59.817,60.317,60.811,61.298999999999999,61.792000000000002
E07000087,,49.908999999999999,50.314999999999998,50.728999999999999,51.118000000000002,51.511000000000003,51.918999999999997,52.308,52.713000000000001,53.098999999999997,53.470999999999997,53.844999999999999
E07000088,,37.851999999999997,38.130000000000003,38.396999999999998,38.651000000000003,38.906999999999996,39.195,39.476999999999997,39.770000000000003,40.07,40.359999999999999,40.659999999999997
E07000089,,37.728000000000002,37.948,38.159999999999997,38.353999999999999,38.557000000000002,38.765000000000001,38.972999999999999,39.185000000000002,39.378999999999998,39.578000000000003,39.774999999999999
E07000090,,53.923000000000002,54.276000000000003,54.634999999999998,54.975999999999999,55.316000000000003,55.686,56.054000000000002,56.433999999999997,56.798000000000002,57.164999999999999,57.549999999999997
E07000091,,81.525000000000006,82.183999999999997,82.876000000000005,83.566999999999993,84.260999999999996,84.991,85.707999999999998,86.447999999999993,87.185000000000002,87.908000000000001,88.644999999999996
E07000092,,38.802,39.040999999999997,39.262999999999998,39.476999999999997,39.683,39.884999999999998,40.106000000000002,40.320999999999998,40.526000000000003,40.716000000000001,40.908000000000001
E07000093,,51.390999999999998,51.796999999999997,52.206000000000003,52.613,53.027999999999999,53.429000000000002,53.831000000000003,54.241999999999997,54.649000000000001,55.037999999999997,55.426000000000002
E07000094,,50.244,50.686999999999998,51.122999999999998,51.533999999999999,51.966000000000001,52.401000000000003,52.841999999999999,53.301000000000002,53.75,54.198999999999998,54.634999999999998
,,,,,,,,,,,,
E10000016,Kent ,668.50199999999995,676.26900000000012,683.99300000000005,691.697,699.35300000000007,707.10699999999997,714.71699999999998,722.49000000000001,730.22200000000009,737.875,745.495
E07000105,,54.347999999999999,55.118000000000002,55.884999999999998,56.659999999999997,57.408000000000001,58.155000000000001,58.865000000000002,59.585000000000001,60.302,61.003999999999998,61.703000000000003
E07000106,,67.359999999999999,68.087999999999994,68.832999999999998,69.566000000000003,70.305000000000007,71.085999999999999,71.882000000000005,72.722999999999999,73.555000000000007,74.384,75.210999999999999
E07000107,,45.277000000000001,45.896000000000001,46.509,47.094999999999999,47.692999999999998,48.280000000000001,48.865000000000002,49.447000000000003,50.006999999999998,50.585000000000001,51.161000000000001
E07000108,,51.802999999999997,52.274999999999999,52.756,53.238,53.715000000000003,54.195999999999998,54.665999999999997,55.158999999999999,55.640000000000001,56.103000000000002,56.555
E07000109,,44.709000000000003,45.231000000000002,45.749000000000002,46.270000000000003,46.780000000000001,47.283999999999999,47.781999999999996,48.298000000000002,48.811999999999998,49.319000000000003,49.816000000000003
E07000110,,71.182000000000002,72.087999999999994,72.972999999999999,73.837999999999994,74.704999999999998,75.566999999999993,76.409000000000006,77.254999999999995,78.081000000000003,78.908000000000001,79.736000000000004
E07000111,,50.744,51.228000000000002,51.716000000000001,52.207000000000001,52.704000000000001,53.225000000000001,53.732999999999997,54.256999999999998,54.777999999999999,55.283999999999999,55.795000000000002
E07000112,,51.515000000000001,52.042999999999999,52.594999999999999,53.142000000000003,53.686,54.244,54.783000000000001,55.363,55.944000000000003,56.508000000000003,57.079000000000001
E07000113,,62.262999999999998,63.116999999999997,63.930999999999997,64.747,65.534000000000006,66.322999999999993,67.117999999999995,67.909999999999997,68.697999999999993,69.465999999999994,70.238
E07000114,,65.396000000000001,66.159000000000006,66.938999999999993,67.727999999999994,68.519000000000005,69.314999999999998,70.102999999999994,70.918000000000006,71.745999999999995,72.572000000000003,73.379999999999995
E07000115,,52.963000000000001,53.576000000000001,54.180999999999997,54.795999999999999,55.406999999999996,56.027999999999999,56.628999999999998,57.210999999999999,57.811999999999998,58.412999999999997,59.006999999999998
E07000116,,50.942,51.450000000000003,51.926000000000002,52.409999999999997,52.896999999999998,53.404000000000003,53.881999999999998,54.363999999999997,54.847000000000001,55.329000000000001,55.814
,,,,,,,,,,,,
E10000025,Oxfordshire,281.63,284.10599999999999,286.483,288.798,291.16700000000003,293.58699999999999,295.99599999999998,298.44,300.84100000000001,303.23599999999999,305.61000000000001
E07000177,,61.533000000000001,62.134999999999998,62.698,63.256,63.817,64.364000000000004,64.906999999999996,65.433999999999997,65.956000000000003,66.480999999999995,66.997
E07000178,,61.128999999999998,61.621000000000002,62.094000000000001,62.530000000000001,63,63.533000000000001,64.093999999999994,64.700999999999993,65.304000000000002,65.903000000000006,66.477000000000004
E07000179,,57.819000000000003,58.246000000000002,58.665999999999997,59.088000000000001,59.509,59.933999999999997,60.344000000000001,60.762999999999998,61.167000000000002,61.564,61.968000000000004
E07000180,,54.103999999999999,54.642000000000003,55.156999999999996,55.649999999999999,56.154000000000003,56.659999999999997,57.149000000000001,57.637,58.110999999999997,58.591000000000001,59.073
E07000181,,47.045000000000002,47.462000000000003,47.868000000000002,48.274000000000001,48.686999999999998,49.095999999999997,49.502000000000002,49.905000000000001,50.302999999999997,50.697000000000003,51.094999999999999
,,,,,,,,,,,,
E10000030,Surrey,492.64799999999997,497.50399999999996,502.24700000000001,506.89700000000005,511.61700000000002,516.35000000000002,521.05900000000008,525.83699999999999,530.55600000000004,535.30799999999999,540.08300000000008
E07000207,,55.540999999999997,55.969000000000001,56.395000000000003,56.822000000000003,57.268000000000001,57.713999999999999,58.164999999999999,58.622999999999998,59.079000000000001,59.542999999999999,60.012
E07000208,,33.011000000000003,33.438000000000002,33.844999999999999,34.250999999999998,34.664999999999999,35.07,35.487000000000002,35.896999999999998,36.311,36.725000000000001,37.140999999999998
E07000209,,59.478999999999999,60.063000000000002,60.625,61.146000000000001,61.670000000000002,62.198,62.703000000000003,63.222000000000001,63.719999999999999,64.230000000000004,64.741
E07000210,,37.875999999999998,38.183,38.494999999999997,38.811,39.128999999999998,39.448999999999998,39.767000000000003,40.103000000000002,40.43,40.753999999999998,41.085999999999999
E07000211,,62.121000000000002,62.985999999999997,63.82,64.644000000000005,65.462000000000003,66.286000000000001,67.105999999999995,67.914000000000001,68.715999999999994,69.516000000000005,70.322000000000003
E07000212,,36.222000000000001,36.613999999999997,36.996000000000002,37.363,37.743000000000002,38.134999999999998,38.518000000000001,38.921999999999997,39.317999999999998,39.718000000000004,40.113
E07000213,,42.654000000000003,43.087000000000003,43.509999999999998,43.924999999999997,44.347999999999999,44.768999999999998,45.201000000000001,45.631,46.063000000000002,46.509999999999998,46.963000000000001
E07000214,,35.753,36.024000000000001,36.259,36.503,36.743000000000002,36.975999999999999,37.213000000000001,37.438000000000002,37.670000000000002,37.896999999999998,38.125
E07000215,,36.895000000000003,37.359999999999999,37.825000000000003,38.283999999999999,38.747,39.219000000000001,39.674999999999997,40.143999999999998,40.603000000000002,41.060000000000002,41.524999999999999
E07000216,,51.810000000000002,52.183,52.569000000000003,52.945,53.329000000000001,53.718000000000004,54.100999999999999,54.500999999999998,54.901000000000003,55.298999999999999,55.694000000000003
E07000217,,41.286000000000001,41.597000000000001,41.908000000000001,42.203000000000003,42.512999999999998,42.816000000000003,43.122999999999998,43.442,43.744999999999997,44.055999999999997,44.360999999999997
,,,,,,,,,,,,
E10000032,West Sussex,377.28500000000003,381.42399999999998,385.58800000000002,389.72399999999999,393.93799999999999,398.20600000000002,402.41299999999995,406.72500000000002,410.988,415.27000000000004,419.58600000000001
E07000223,,29.093,29.384,29.678000000000001,29.978999999999999,30.285,30.596,30.902000000000001,31.216999999999999,31.533000000000001,31.858000000000001,32.180999999999997
E07000224,,73.052000000000007,73.891000000000005,74.742000000000004,75.590999999999994,76.454999999999998,77.322000000000003,78.201999999999998,79.119,80.031000000000006,80.932000000000002,81.843000000000004
E07000225,,53.298999999999999,53.801000000000002,54.307000000000002,54.814,55.335000000000001,55.869,56.399000000000001,56.951000000000001,57.506,58.064999999999998,58.625
E07000226,,47.386000000000003,47.944000000000003,48.515999999999998,49.081000000000003,49.652999999999999,50.226999999999997,50.780000000000001,51.360999999999997,51.935000000000002,52.508000000000003,53.082999999999998
E07000227,,59.734000000000002,60.363999999999997,60.969000000000001,61.576999999999998,62.186,62.793999999999997,63.387999999999998,63.973999999999997,64.548000000000002,65.125,65.706000000000003
E07000228,,63.347999999999999,64.058999999999997,64.775999999999996,65.480000000000004,66.198999999999998,66.944000000000003,67.656999999999996,68.376000000000005,69.076999999999998,69.781999999999996,70.489000000000004
E07000229,,51.372999999999998,51.981000000000002,52.600000000000001,53.201999999999998,53.825000000000003,54.454000000000001,55.085000000000001,55.726999999999997,56.357999999999997,57,57.658999999999999
,,,,,,,,,,,,
E06000022,Bath and North East Somerset UA,77.707999999999998,78.122,78.551000000000002,78.942999999999998,79.349000000000004,79.801000000000002,80.262,80.765000000000001,81.275000000000006,81.780000000000001,82.293000000000006
E06000028,Bournemouth UA,92.459999999999994,93.575999999999993,94.673000000000002,95.730999999999995,96.793999999999997,97.891000000000005,99.006,100.152,101.304,102.461,103.59099999999999
E06000023,"Bristol, City of UA",198.797,200.791,202.69200000000001,204.441,206.21299999999999,208.029,209.846,211.685,213.483,215.333,217.173
E06000052,Cornwall UA,248.00299999999999,250.178,252.41200000000001,254.577,256.714,258.89800000000002,261.02600000000001,263.25599999999997,265.46600000000001,267.572,269.65699999999998
E06000053,Isles of Scilly UA,0.98199999999999998,0.97199999999999998,0.96799999999999997,0.96199999999999997,0.95699999999999996,0.95399999999999996,0.95399999999999996,0.95099999999999996,0.95099999999999996,0.94799999999999995,0.94399999999999995
E06000024,North Somerset UA,96.290999999999997,97.319000000000003,98.353999999999999,99.367999999999995,100.35599999999999,101.384,102.38200000000001,103.41200000000001,104.414,105.40900000000001,106.40000000000001
E06000026,Plymouth UA,115.264,115.798,116.32899999999999,116.822,117.333,117.876,118.402,119.009,119.63200000000001,120.245,120.825
E06000029,Poole UA,67.876999999999995,68.451999999999998,69.045000000000002,69.619,70.204999999999998,70.805000000000007,71.409999999999997,72.031999999999996,72.652000000000001,73.280000000000001,73.902000000000001
E06000025,South Gloucestershire UA,118.346,119.539,120.693,121.81399999999999,122.926,124.042,125.124,126.20399999999999,127.25700000000001,128.32300000000001,129.376
E06000030,Swindon UA,96.367999999999995,97.278000000000006,98.165999999999997,99.037999999999997,99.894000000000005,100.73,101.55,102.384,103.197,104.039,104.846
E06000027,Torbay UA,62.466000000000001,62.939999999999998,63.411000000000001,63.881999999999998,64.356999999999999,64.831999999999994,65.311000000000007,65.781999999999996,66.263999999999996,66.730999999999995,67.177999999999997
E06000054,Wiltshire UA,212.19,213.76900000000001,215.30699999999999,216.82499999999999,218.32400000000001,219.857,221.30600000000001,222.77600000000001,224.22300000000001,225.684,227.16200000000001
,,,,,,,,,,,,
E10000008,Devon ,347.61200000000002,350.56799999999998,353.59900000000005,356.58699999999999,359.548,362.57699999999994,365.56100000000004,368.63999999999999,371.70699999999994,374.67200000000003,377.56399999999996
E07000040,,63.726999999999997,64.329999999999998,64.953000000000003,65.593999999999994,66.244,66.905000000000001,67.564999999999998,68.251000000000005,68.938000000000002,69.613,70.284999999999997
E07000041,,55.039999999999999,55.578000000000003,56.097999999999999,56.567,57.012999999999998,57.491999999999997,57.981000000000002,58.484000000000002,58.991999999999997,59.488999999999997,59.976999999999997
E07000042,,34.969999999999999,35.253999999999998,35.539000000000001,35.825000000000003,36.109999999999999,36.392000000000003,36.658999999999999,36.945999999999998,37.228999999999999,37.494999999999997,37.753
E07000043,,41.661000000000001,41.874000000000002,42.095999999999997,42.332000000000001,42.567999999999998,42.814,43.061999999999998,43.310000000000002,43.563000000000002,43.804000000000002,44.051000000000002
E07000044,,38.707000000000001,38.936,39.182000000000002,39.426000000000002,39.670000000000002,39.908000000000001,40.154000000000003,40.411000000000001,40.668999999999997,40.905000000000001,41.118000000000002
E07000045,,58.414000000000001,58.930999999999997,59.491999999999997,60.045000000000002,60.606999999999999,61.161999999999999,61.694000000000003,62.244999999999997,62.779000000000003,63.311,63.817
E07000046,,30.533000000000001,30.870999999999999,31.201000000000001,31.521000000000001,31.831,32.158000000000001,32.472999999999999,32.790999999999997,33.107999999999997,33.408999999999999,33.703000000000003
E07000047,,24.559999999999999,24.794,25.038,25.277000000000001,25.504999999999999,25.745999999999999,25.972999999999999,26.202000000000002,26.428999999999998,26.646000000000001,26.859999999999999
,,,,,,,,,,,,
E10000009,Dorset ,190.68900000000002,192.173,193.61799999999999,195.09400000000002,196.59399999999999,198.15299999999999,199.71899999999999,201.28900000000002,202.92699999999999,204.52500000000001,206.12400000000002
E07000048,,22.882999999999999,23.103000000000002,23.329000000000001,23.564,23.795000000000002,24.053000000000001,24.309000000000001,24.565999999999999,24.838999999999999,25.100999999999999,25.373000000000001
E07000049,,39.43,39.707999999999998,40.006,40.304000000000002,40.609000000000002,40.927999999999997,41.247,41.579999999999998,41.917000000000002,42.253999999999998,42.588999999999999
E07000050,,31.209,31.489999999999998,31.753,32.009,32.274000000000001,32.540999999999997,32.805999999999997,33.069000000000003,33.335000000000001,33.600999999999999,33.868000000000002
E07000051,,20.452000000000002,20.571999999999999,20.689,20.808,20.943000000000001,21.071999999999999,21.207000000000001,21.341000000000001,21.486999999999998,21.629000000000001,21.757000000000001
E07000052,,47.191000000000003,47.585999999999999,47.954000000000001,48.347999999999999,48.734000000000002,49.137,49.545999999999999,49.947000000000003,50.356999999999999,50.747,51.146999999999998
E07000053,,29.524000000000001,29.713999999999999,29.887,30.061,30.239000000000001,30.422000000000001,30.603999999999999,30.786000000000001,30.992000000000001,31.193000000000001,31.390000000000001
,,,,,,,,,,,,
E10000013,Gloucestershire ,275.63100000000003,278.25200000000001,280.81200000000001,283.33600000000001,285.84399999999999,288.41300000000001,290.89699999999993,293.40100000000001,295.86000000000001,298.30399999999997,300.75799999999998
E07000078,,53.829999999999998,54.244,54.654000000000003,55.051000000000002,55.454000000000001,55.869,56.261000000000003,56.670000000000002,57.085000000000001,57.494,57.923000000000002
E07000079,,38.609999999999999,38.917999999999999,39.204000000000001,39.500999999999998,39.802,40.109999999999999,40.421999999999997,40.728999999999999,41.040999999999997,41.351999999999997,41.665999999999997
E07000080,,36.686,37.003999999999998,37.302999999999997,37.593000000000004,37.887,38.177999999999997,38.462000000000003,38.743000000000002,39.000999999999998,39.256999999999998,39.509999999999998
E07000081,,55.353999999999999,55.93,56.515000000000001,57.079000000000001,57.634,58.207000000000001,58.753,59.317999999999998,59.863,60.427,60.975000000000001
E07000082,,51.756,52.268000000000001,52.768999999999998,53.273000000000003,53.771999999999998,54.286999999999999,54.781999999999996,55.276000000000003,55.764000000000003,56.237000000000002,56.718000000000004
E07000083,,39.395000000000003,39.887999999999998,40.366999999999997,40.838999999999999,41.295000000000002,41.762,42.216999999999999,42.664999999999999,43.106000000000002,43.536999999999999,43.966000000000001
,,,,,,,,,,,,
E10000027,Somerset,245.46699999999998,247.68700000000001,249.816,251.96700000000001,254.13800000000001,256.28699999999998,258.41499999999996,260.52800000000002,262.63299999999998,264.73099999999999,266.78899999999999
E07000187,,49.716999999999999,50.170000000000002,50.584000000000003,51.014000000000003,51.460000000000001,51.908999999999999,52.344000000000001,52.764000000000003,53.192,53.616999999999997,54.037999999999997
E07000188,,53.993000000000002,54.594000000000001,55.170999999999999,55.75,56.337000000000003,56.908000000000001,57.478000000000002,58.046999999999997,58.603999999999999,59.173999999999999,59.735999999999997
E07000189,,74.558999999999997,75.159999999999997,75.727000000000004,76.314999999999998,76.903999999999996,77.471999999999994,78.043999999999997,78.600999999999999,79.156000000000006,79.710999999999999,80.233999999999995
E07000190,,51.353999999999999,51.868000000000002,52.365000000000002,52.847999999999999,53.323,53.807000000000002,54.274999999999999,54.749000000000002,55.219000000000001,55.676000000000002,56.137999999999998
E07000191,,15.843999999999999,15.895,15.968999999999999,16.039999999999999,16.114000000000001,16.190999999999999,16.274000000000001,16.367000000000001,16.462,16.553000000000001,16.643000000000001
,,,,,,,,,,,,
,,,,,,,,,,,,
,,,,,,,,,,,,
,,,,,,,,,,,,
,,,,,,,,,,,,
,,,,,,,,,,,,
,,,,,,,,,,,,
,,,,,,,,,,,,
,,,,,,,,,,,,
,,,,,,,,,,,,
,,,,,,,,,,,,
,,,,,,,,,,,,
,,,,,,,,,,,,
,,,,,,,,,,,,
,,,,,,,,,,,,
,,,,,,,,,,,,
,,,,,,,,,,,,
,,,,,,,,,,,,
,,,,,,,,,,,,
,,,,,,,,,,,,
,,,,,,,,,,,,
,,,,,,,,,,,,
,,,,,,,,,,,,
,,,,,,,,,,,,
,,,,,,,,,,,,
,,,,,,,,,,,,
,,,,,,,,,,,,
,,,,,,,,,,,,
,,,,,,,,,,,,
,,,,,,,,,,,,
,,,,,,,,,,,,
,,,,,,,,,,,,
,,,,,,,,,,,,
,,,,,,,,,,,,
,,,,,,,,,,,,
,,,,,,,,,,,,
,,,,,,,,,,,,
,,,,,,,,,,,,
,,,,,,,,,,,,
,,,,,,,,,,,,
,,,,,,,,,,,,
,,,,,,,,,,,,
,,,,,,,,,,,,
,,,,,,,,,,,,
,,,,,,,,,,,,
,,,,,,,,,,,,
,,,,,,,,,,,,
,,,,,,,,,,,,
,,,,,,,,,,,,
,,,,,,,,,,,,
,,,,,,,,,,,,
,,,,,,,,,,,,
,,,,,,,,,,,,
,,,,,,,,,,,,
,,,,,,,,,,,,
,,,,,,,,,,,,
,,,,,,,,,,,,
,,,,,,,,,,,,
,,,,,,,,,,,,
,,,,,,,,,,,,
,,,,,,,,,,,,
,,,,,,,,,,,,
,,,,,,,,,,,,
,,,,,,,,,,,,
,,,,,,,,,,,,
,,,,,,,,,,,,
,,,,,,,,,,,,
,,,,,,,,,,,,
,,,,,,,,,,,,
,,,,,,,,,,,,
,,,,,,,,,,,,
,,,,,,,,,,,,
,,,,,,,,,,,,
,,,,,,,,,,,,
,,,,,,,,,,,,
,,,,,,,,,,,,
,,,,,,,,,,,,
,,,,,,,,,,,,
,,,,,,,,,,,,
,,,,,,,,,,,,
,,,,,,,,,,,,
,,,,,,,,,,,,
,,,,,,,,,,,,
,,,,,,,,,,,,
,,,,,,,,,,,,
,,,,,,,,,,,,
,,,,,,,,,,,,
,,,,,,,,,,,,
,,,,,,,,,,,,
,,,,,,,,,,,,
,,,,,,,,,,,,
,,,,,,,,,,,,
,,,,,,,,,,,,
,,,,,,,,,,,,
,,,,,,,,,,,,
,,,,,,,,,,,,
,,,,,,,,,,,,
,,,,,,,,,,,,
,,,,,,,,,,,,
,,,,,,,,,,,,
,,,,,,,,,,,,
,,,,,,,,,,,,
,,,,,,,,,,,,
,,,,,,,,,,,,
,,,,,,,,,,,,
,,,,,,,,,,,,
,,,,,,,,,,,,
,,,,,,,,,,,,
,,,,,,,,,,,,
,,,,,,,,,,,,
,,,,,,,,,,,,
,,,,,,,,,,,,
,,,,,,,,,,,,
,,,,,,,,,,,,
,,,,,,,,,,,,
,,,,,,,,,,,,
,,,,,,,,,,,,
,,,,,,,,,,,,
,,,,,,,,,,,,
,,,,,,,,,,,,
,,,,,,,,,,,,
,,,,,,,,,,,,
,,,,,,,,,,,,
,,,,,,,,,,,,
,,,,,,,,,,,,
,,,,,,,,,,,,
,,,,,,,,,,,,
,,,,,,,,,,,,
,,,,,,,,,,,,
,,,,,,,,,,,,
,,,,,,,,,,,,
,,,,,,,,,,,,
,,,,,,,,,,,,
,,,,,,,,,,,,
,,,,,,,,,,,,
,,,,,,,,,,,,
,,,,,,,,,,,,
,,,,,,,,,,,,
,,,,,,,,,,,,
,,,,,,,,,,,,
,,,,,,,,,,,,
,,,,,,,,,,,,
,,,,,,,,,,,,
,,,,,,,,,,,,
,,,,,,,,,,,,
,,,,,,,,,,,,
,,,,,,,,,,,,
,,,,,,,,,,,,
,,,,,,,,,,,,
,,,,,,,,,,,,
,,,,,,,,,,,,
,,,,,,,,,,,,
,,,,,,,,,,,,
,,,,,,,,,,,,
,,,,,,,,,,,,
,,,,,,,,,,,,
,,,,,,,,,,,,
,,,,,,,,,,,,
,,,,,,,,,,,,
,,,,,,,,,,,,
,,,,,,,,,,,,
,,,,,,,,,,,,
,,,,,,,,,,,,
,,,,,,,,,,,,
,,,,,,,,,,,,
,,,,,,,,,,,,
,,,,,,,,,,,,
,,,,,,,,,,,,
,,,,,,,,,,,,
,,,,,,,,,,,,
,,,,,,,,,,,,
,,,,,,,,,,,,
,,,,,,,,,,,,
,,,,,,,,,,,,
,,,,,,,,,,,,
,,,,,,,,,,,,
,,,,,,,,,,,,
,,,,,,,,,,,,
,,,,,,,,,,,,
,,,,,,,,,,,,
,,,,,,,,,,,,
,,,,,,,,,,,,
,,,,,,,,,,,,
,,,,,,,,,,,,
,,,,,,,,,,,,
,,,,,,,,,,,,
,,,,,,,,,,,,
,,,,,,,,,,,,
,,,,,,,,,,,,
,,,,,,,,,,,,
,,,,,,,,,,,,
,,,,,,,,,,,,
,,,,,,,,,,,,
,,,,,,,,,,,,
,,,,,,,,,,,,
,,,,,,,,,,,,
,,,,,,,,,,,,
,,,,,,,,,,,,
,,,,,,,,,,,,
,,,,,,,,,,,,
,,,,,,,,,,,,
,,,,,,,,,,,,
,,,,,,,,,,,,
,,,,,,,,,,,,
,,,,,,,,,,,,
,,,,,,,,,,,,
,,,,,,,,,,,,
,,,,,,,,,,,,
,,,,,,,,,,,,
,,,,,,,,,,,,
,,,,,,,,,,,,
,,,,,,,,,,,,
,,,,,,,,,,,,
,,,,,,,,,,,,
,,,,,,,,,,,,
,,,,,,,,,,,,
,,,,,,,,,,,,
,,,,,,,,,,,,
,,,,,,,,,,,,
,,,,,,,,,,,,
,,,,,,,,,,,,
,,,,,,,,,,,,
,,,,,,,,,,,,
,,,,,,,,,,,,
,,,,,,,,,,,,
,,,,,,,,,,,,
,,,,,,,,,,,,
,,,,,,,,,,,,
,,,,,,,,,,,,
,,,,,,,,,,,,
,,,,,,,,,,,,
,,,,,,,,,,,,
,,,,,,,,,,,,
,,,,,,,,,,,,
,,,,,,,,,,,,
,,,,,,,,,,,,
,,,,,,,,,,,,
,,,,,,,,,,,,
,,,,,,,,,,,,
,,,,,,,,,,,,
,,,,,,,,,,,,
,,,,,,,,,,,,
,,,,,,,,,,,,
,,,,,,,,,,,,
,,,,,,,,,,,,
,,,,,,,,,,,,
,,,,,,,,,,,,
,,,,,,,,,,,,
,,,,,,,,,,,,
,,,,,,,,,,,,
,,,,,,,,,,,,
,,,,,,,,,,,,
,,,,,,,,,,,,
,,,,,,,,,,,,
,,,,,,,,,,,,
,,,,,,,,,,,,
,,,,,,,,,,,,
,,,,,,,,,,,,
,,,,,,,,,,,,
,,,,,,,,,,,,
,,,,,,,,,,,,
,,,,,,,,,,,,
,,,,,,,,,,,,
,,,,,,,,,,,,
,,,,,,,,,,,,
,,,,,,,,,,,,
,,,,,,,,,,,,
,,,,,,,,,,,,
,,,,,,,,,,,,
,,,,,,,,,,,,
,,,,,,,,,,,,
,,,,,,,,,,,,
,,,,,,,,,,,,
,,,,,,,,,,,,
,,,,,,,,,,,,
,,,,,,,,,,,,
,,,,,,,,,,,,
,,,,,,,,,,,,
,,,,,,,,,,,,
,,,,,,,,,,,,
,,,,,,,,,,,,
,,,,,,,,,,,,
,,,,,,,,,,,,
,,,,,,,,,,,,
,,,,,,,,,,,,
,,,,,,,,,,,,
,,,,,,,,,,,,
,,,,,,,,,,,,
,,,,,,,,,,,,
,,,,,,,,,,,,
,,,,,,,,,,,,
,,,,,,,,,,,,
,,,,,,,,,,,,
,,,,,,,,,,,,
,,,,,,,,,,,,
,,,,,,,,,,,,
,,,,,,,,,,,,
,,,,,,,,,,,,
,,,,,,,,,,,,
,,,,,,,,,,,,
,,,,,,,,,,,,
,,,,,,,,,,,,
,,,,,,,,,,,,
,,,,,,,,,,,,
,,,,,,,,,,,,
,,,,,,,,,,,,
,,,,,,,,,,,,
,,,,,,,,,,,,
,,,,,,,,,,,,
,,,,,,,,,,,,
,,,,,,,,,,,,
,,,,,,,,,,,,
,,,,,,,,,,,,
,,,,,,,,,,,,
,,,,,,,,,,,,
,,,,,,,,,,,,
,,,,,,,,,,,,
,,,,,,,,,,,,
,,,,,,,,,,,,
,,,,,,,,,,,,
,,,,,,,,,,,,
,,,,,,,,,,,,
,,,,,,,,,,,,
,,,,,,,,,,,,
,,,,,,,,,,,,
,,,,,,,,,,,,
,,,,,,,,,,,,
,,,,,,,,,,,,
,,,,,,,,,,,,
,,,,,,,,,,,,
,,,,,,,,,,,,
,,,,,,,,,,,,
,,,,,,,,,,,,
,,,,,,,,,,,,
,,,,,,,,,,,,
,,,,,,,,,,,,
,,,,,,,,,,,,
,,,,,,,,,,,,
,,,,,,,,,,,,
,,,,,,,,,,,,
,,,,,,,,,,,,
,,,,,,,,,,,,
,,,,,,,,,,,,
,,,,,,,,,,,,
,,,,,,,,,,,,
,,,,,,,,,,,,
,,,,,,,,,,,,
,,,,,,,,,,,,
,,,,,,,,,,,,
,,,,,,,,,,,,
,,,,,,,,,,,,
,,,,,,,,,,,,
,,,,,,,,,,,,
,,,,,,,,,,,,
,,,,,,,,,,,,
,,,,,,,,,,,,
,,,,,,,,,,,,
,,,,,,,,,,,,
,,,,,,,,,,,,
,,,,,,,,,,,,
,,,,,,,,,,,,
,,,,,,,,,,,,
,,,,,,,,,,,,
,,,,,,,,,,,,
,,,,,,,,,,,,
